	Id	Weight	Label
540	Juola_P	97	Juola_P
957	Burrows_J	60	Burrows_J
2083	Craig_H	59	Craig_H
1122	Holmes_D	35	Holmes_D
961	Smith_M	35	Smith_M
3322	Koppel_M	34	Koppel_M
119	Kestemont_M	34	Kestemont_M
2800	Stamatatos_E	28	Stamatatos_E
2287	Argamon_S	27	Argamon_S
314	Merriam_T	26	Merriam_T
2478	Hoover_D	23	Hoover_D
1546	Tweedie_F	21	Tweedie_F
75	Rudman_J	21	Rudman_J
1502	Palomar_M	21	Palomar_M
963	Schler_J	20	Schler_J
1535	Martínez-Barco_P	18	Martínez-Barco_P
1211	Morton_A	18	Morton_A
1088	Pennebaker_J	17	Pennebaker_J
1103	Brainerd_B	17	Brainerd_B
2696	Zobel_J	17	Zobel_J
634	Eder_M	16	Eder_M
210	Brunet_É	16	Brunet_É
384	Foster_D	16	Foster_D
2987	Milic_L	15	Milic_L
1340	Chaski_C	15	Chaski_C
2337	Ryan_M	15	Ryan_M
327	Noecker_J	15	Noecker_J
2620	Greenstadt_R	15	Greenstadt_R
2433	Daelemans_W	14	Daelemans_W
1747	Labbé_D	14	Labbé_D
2150	Schöch_C	13	Schöch_C
1303	Forsyth_R	13	Forsyth_R
2927	Antonia_A	13	Antonia_A
1607	Rybicki_J	13	Rybicki_J
1493	Binongo_J	12	Binongo_J
2290	Ross_D	11	Ross_D
339	Coulthard_M	11	Coulthard_M
1474	Baayen_H	11	Baayen_H
111	Hirst_G	11	Hirst_G
2344	Jannidis_F	11	Jannidis_F
47	Stein_B	11	Stein_B
443	Brennan_P	11	Brennan_P
521	MacDonell_S	11	MacDonell_S
1642	Biber_D	10	Biber_D
1132	Altmann_G	10	Altmann_G
175	Chen_H	10	Chen_H
3076	Popescu_M	10	Popescu_M
716	Tarrant_H	10	Tarrant_H
1990	Vickers_B	9	Vickers_B
689	Matthews_R	9	Matthews_R
1816	Mosteller_F	9	Mosteller_F
2962	Moreno_L	9	Moreno_L
1164	Luyckx_K	9	Luyckx_K
305	Ferrández_A	9	Ferrández_A
469	Delcourt_C	9	Delcourt_C
2356	Valenza_R	8	Valenza_R
2067	Ule_L	8	Ule_L
2000	Dinu_L	8	Dinu_L
758	Jockers_M	8	Jockers_M
729	Gray_A	8	Gray_A
2986	Akiva_N	8	Akiva_N
2394	Evert_S	8	Evert_S
2211	Frantzeskou_G	8	Frantzeskou_G
3275	Sofko_J	8	Sofko_J
821	Jackson_M	8	Jackson_M
1709	Labbé_C	8	Labbé_C
1947	Allen_J	8	Allen_J
1859	Grant_T	7	Grant_T
3206	Oakes_M	7	Oakes_M
1452	Dixon_P	7	Dixon_P
2223	Herdan_G	7	Herdan_G
697	Kokkinakis_G	7	Kokkinakis_G
1599	Riba_A	7	Riba_A
92	Sallis_P	7	Sallis_P
1739	Calle-Martín_J	7	Calle-Martín_J
1883	Afroz_S	7	Afroz_S
3296	McMenamin_G	7	McMenamin_G
3041	Corns_T	7	Corns_T
2096	Fakotakis_N	7	Fakotakis_N
984	Gritzalis_S	7	Gritzalis_S
2161	Miranda-García_A	7	Miranda-García_A
1624	Sedelow_S	7	Sedelow_S
1627	Popescu_I	7	Popescu_I
2895	Michaelson_S	7	Michaelson_S
768	Eissen_S	7	Eissen_S
783	Irizarry_E	7	Irizarry_E
2192	Mannion_D	7	Mannion_D
859	Kinney_A	7	Kinney_A
1230	Katz_B	6	Katz_B
527	Khmelev_D	6	Khmelev_D
554	Owens_W	6	Owens_W
3222	Smith_P	6	Smith_P
2446	Burrows_S	6	Burrows_S
1829	Berryman_M	6	Berryman_M
1224	Proisl_T	6	Proisl_T
970	Muller_C	6	Muller_C
3246	Vitt_T	6	Vitt_T
35	Furbank_P	6	Furbank_P
68	Yang_Y	6	Yang_Y
3278	Pielström_S	6	Pielström_S
1664	Lafon_P	6	Lafon_P
1893	Barr_G	6	Barr_G
2229	Keselj_V	6	Keselj_V
2673	Solorio_T	6	Solorio_T
3056	Zhao_Y	6	Zhao_Y
1445	Ginebra_J	6	Ginebra_J
2852	Schaalje_G	6	Schaalje_G
659	Farringdon_M	6	Farringdon_M
2348	Potthast_M	6	Potthast_M
2436	Kam_M	6	Kam_M
1810	Brennan_M	6	Brennan_M
2400	Malyutov_M	6	Malyutov_M
446	Luong_X	6	Luong_X
2460	Bailey_R	6	Bailey_R
774	Love_H	6	Love_H
492	Wallace_D	6	Wallace_D
138	Frautschi_R	6	Frautschi_R
254	Witten_I	6	Witten_I
725	van-Dalen-Oskam_K	6	van-Dalen-Oskam_K
1808	Hope_J	6	Hope_J
204	Fucks_W	6	Fucks_W
759	Wickmann_D	5	Wickmann_D
3259	Garcia-Molina_H	5	Garcia-Molina_H
2677	Can_F	5	Can_F
3025	Grosz_B	5	Grosz_B
989	Abbasi_A	5	Abbasi_A
952	Hilton_J	5	Hilton_J
3320	Van-Halteren_H	5	Van-Halteren_H
782	Stolerman_A	5	Stolerman_A
2596	Kjetsaa_G	5	Kjetsaa_G
1979	Munoz_R	5	Munoz_R
3243	Fienberg_S	5	Fienberg_S
1735	Thompson_N	5	Thompson_N
2445	Radday_Y	5	Radday_Y
2657	McKenna_W	5	McKenna_W
1579	Allison_A	5	Allison_A
213	Elliott_W	5	Elliott_W
260	Johnson_E	5	Johnson_E
392	Malcolm_J	5	Malcolm_J
192	Tambouratzis_G	5	Tambouratzis_G
2003	Broder_A	5	Broder_A
1693	Manimannan_G	5	Manimannan_G
787	Ahmed_A	5	Ahmed_A
25	Gill_P	5	Gill_P
2002	Watters_P	5	Watters_P
1154	Dazeley_R	5	Dazeley_R
1052	Spafford_E	5	Spafford_E
1416	Layton_R	5	Layton_R
2630	Cercone_N	5	Cercone_N
1040	Tabata_T	5	Tabata_T
2063	Moffat_A	5	Moffat_A
3292	Olsen_M	5	Olsen_M
2947	Airoldi_E	5	Airoldi_E
571	Rosso_P	5	Rosso_P
2203	Kenny_A	5	Kenny_A
2943	Strube_M	5	Strube_M
3040	Viprey_J	5	Viprey_J
3282	Tallentire_D	5	Tallentire_D
2760	Mikros_G	5	Mikros_G
685	Peng_F	5	Peng_F
1247	Wilks_Y	5	Wilks_Y
1864	Karlgren_J	5	Karlgren_J
2137	Swartz_T	5	Swartz_T
1283	Abbott_D	5	Abbott_D
2210	Marder_L	5	Marder_L
892	Shannon_C	5	Shannon_C
890	Gale_W	5	Gale_W
2754	Furnell_S	4	Furnell_S
1346	Bohnert_F	4	Bohnert_F
602	Rothman_I	4	Rothman_I
3156	Gaizauskas_R	4	Gaizauskas_R
695	Brown_P	4	Brown_P
3284	Johnston_M	4	Johnston_M
2698	Ferguson_A	4	Ferguson_A
593	Singh_S	4	Singh_S
2923	Turpin_A	4	Turpin_A
2699	Reynolds_N	4	Reynolds_N
2387	Yule_G	4	Yule_G
2626	Montes-y-Gómez_M	4	Montes-y-Gómez_M
2945	Mercer_R	4	Mercer_R
1427	Clough_P	4	Clough_P
1760	Reger_I	4	Reger_I
1290	Lee_R	4	Lee_R
1611	Tiersma_P	4	Tiersma_P
1855	Spencer_E	4	Spencer_E
3315	Moretti_F	4	Moretti_F
1953	Narayanan_A	4	Narayanan_A
310	Byron_D	4	Byron_D
573	Lana_M	4	Lana_M
675	Smith_J	4	Smith_J
2590	Peral_J	4	Peral_J
551	Oakman_R	4	Oakman_R
552	Howe_C	4	Howe_C
636	Stanczyk_U	4	Stanczyk_U
2703	Mancoridis_S	4	Mancoridis_S
1757	Rayson_P	4	Rayson_P
493	Tahaghoghi_S	4	Tahaghoghi_S
2678	Lafferty_J	4	Lafferty_J
2876	Yu_B	4	Yu_B
2070	Levison_M	4	Levison_M
2399	Jordan_E	4	Jordan_E
646	Grzybek_P	4	Grzybek_P
2148	Can_M	4	Can_M
165	Bagavandas_M	4	Bagavandas_M
195	Martindale_C	4	Martindale_C
2004	Sinclair_J	4	Sinclair_J
2329	Lancashire_I	4	Lancashire_I
1740	Andreev_V	4	Andreev_V
1420	Olsson_J	4	Olsson_J
1357	Ramsay_S	4	Ramsay_S
2592	Somers_H	4	Somers_H
1923	Church_K	4	Church_K
1715	Bratley_P	4	Bratley_P
1567	Crystal_D	4	Crystal_D
1940	Sedelow_W	4	Sedelow_W
2299	Uzuner_Ü	4	Uzuner_Ü
1276	Tse_E	4	Tse_E
1868	Caliskan_A	4	Caliskan_A
2185	Nieboer_M	4	Nieboer_M
84	Williams_H	4	Williams_H
2175	Oliveira_L	4	Oliveira_L
2109	Zheng_R	4	Zheng_R
1238	Saiz-Noeda_M	4	Saiz-Noeda_M
2271	Culpeper_J	4	Culpeper_J
1107	Pla_F	4	Pla_F
429	Lyon_C	4	Lyon_C
2720	Anderson_A	4	Anderson_A
2252	Ledger_G	4	Ledger_G
2456	Bee_R	4	Bee_R
252	Corney_M	4	Corney_M
3030	Hassall_A	4	Hassall_A
2163	Underwood_T	4	Underwood_T
50	Griffiths_T	4	Griffiths_T
1294	Miller_G	4	Miller_G
884	Guiraud_P	4	Guiraud_P
2172	Robertson_S	4	Robertson_S
342	Steyvers_M	4	Steyvers_M
379	Fortier_P	4	Fortier_P
780	Horton_T	4	Horton_T
2732	Hubert_P	4	Hubert_P
29	Vogel_C	4	Vogel_C
1707	Enkvist_N	4	Enkvist_N
28	Mughaz_D	4	Mughaz_D
1126	Diri_B	4	Diri_B
343	Stover_J	4	Stover_J
1145	Adams_L	4	Adams_L
1015	Stubbs_M	4	Stubbs_M
2905	Kjell_B	4	Kjell_B
2737	Patton_J	4	Patton_J
3043	Mealand_D	4	Mealand_D
913	Ziv_J	4	Ziv_J
1658	Mohtasseb_H	4	Mohtasseb_H
246	Uitdenbogerd_A	4	Uitdenbogerd_A
2601	Pavelec_D	4	Pavelec_D
301	Baayen_R	4	Baayen_R
3251	Gani_J	3	Gani_J
2553	Jamak_A	3	Jamak_A
2427	Zipf_G	3	Zipf_G
2423	Madigan_D	3	Madigan_D
504	Elliot_W	3	Elliot_W
509	Basile_C	3	Basile_C
3194	Griffin_R	3	Griffin_R
2406	Colyvas_K	3	Colyvas_K
518	Wise_M	3	Wise_M
269	Beck_H	3	Beck_H
3186	HaCohen-Kerner_Y	3	HaCohen-Kerner_Y
3184	Greenwood_H	3	Greenwood_H
154	Brandwood_L	3	Brandwood_L
2354	Yehudai_E	3	Yehudai_E
3207	Krsul_I	3	Krsul_I
754	McEnery_T	3	McEnery_T
2438	Rommel_T	3	Rommel_T
261	Leopold_E	3	Leopold_E
452	Gurney_P	3	Gurney_P
549	Schuurmans_D	3	Schuurmans_D
855	Feinerer_I	3	Feinerer_I
3128	Mustafa_T	3	Mustafa_T
727	Mu\=noz_R	3	Mu\=noz_R
3120	Lewis_D	3	Lewis_D
2586	Kniffka_H	3	Kniffka_H
753	Sinclair_S	3	Sinclair_S
548	Clarke_N	3	Clarke_N
2661	Mendenhall_T	3	Mendenhall_T
2674	Doležel_L	3	Doležel_L
383	Wake_W	3	Wake_W
2495	Raghavan_S	3	Raghavan_S
413	Mitchell_J	3	Mitchell_J
3223	Van-Dalen-Oskam_K	3	Van-Dalen-Oskam_K
2519	Williams_C	3	Williams_C
950	Siemens_R	3	Siemens_R
57	Spencer_M	3	Spencer_M
82	Bailey_T	3	Bailey_T
2285	Pieper_U	3	Pieper_U
377	Farringdon_J	3	Farringdon_J
826	Fields_P	3	Fields_P
2312	Zukerman_I	3	Zukerman_I
3297	Sabol_C	3	Sabol_C
3098	Moscato_P	3	Moscato_P
107	Barrett_R	3	Barrett_R
3294	Lempel_A	3	Lempel_A
2183	de-Vel_O	3	de-Vel_O
842	Witmore_M	3	Witmore_M
3306	Labov_W	3	Labov_W
3090	Gurney_L	3	Gurney_L
116	Joachims_T	3	Joachims_T
2598	Vescovi_D	3	Vescovi_D
711	Greenblatt_D	3	Greenblatt_D
3308	Thoiron_P	3	Thoiron_P
1029	Hayward_M	3	Hayward_M
2723	Youmans_G	3	Youmans_G
13	Hobbs_J	3	Hobbs_J
898	Nerbonne_J	3	Nerbonne_J
2724	Suárez_A	3	Suárez_A
148	Shuy_R	3	Shuy_R
27	Azzam_S	3	Azzam_S
19	Rennie_J	3	Rennie_J
3068	van-Halteren_H	3	van-Halteren_H
2272	Walker_S	3	Walker_S
1023	Liu_B	3	Liu_B
981	Sichel_H	3	Sichel_H
990	Knuth_D	3	Knuth_D
992	McDonald_A	3	McDonald_A
997	Wang_H	3	Wang_H
1000	Salem_A	3	Salem_A
2222	Hahn_U	3	Hahn_U
715	Bell_E	3	Bell_E
1814	Mitkov_R	3	Mitkov_R
672	Teahan_W	3	Teahan_W
2859	Fernández_M	3	Fernández_M
2072	Dagan_I	3	Dagan_I
2019	Zechner_M	3	Zechner_M
2851	Rinck_F	3	Rinck_F
2969	Funai_T	3	Funai_T
1277	Barthélémy_J	3	Barthélémy_J
1282	Wang_S	3	Wang_S
1988	Cardie_C	3	Cardie_C
2797	Carpena_P	3	Carpena_P
1912	Shevertalov_M	3	Shevertalov_M
1811	Rockmore_D	3	Rockmore_D
1337	Gibbons_J	3	Gibbons_J
1299	Kroeber_K	3	Kroeber_K
1300	Mahlberg_M	3	Mahlberg_M
1562	Metz_G	3	Metz_G
1558	Kumar_S	3	Kumar_S
2756	Joshi_A	3	Joshi_A
2946	Witten_D	3	Witten_D
2052	Kaufer_D	3	Kaufer_D
1124	Sherman_L	3	Sherman_L
3142	Cyran_K	3	Cyran_K
1506	Stehle_E	3	Stehle_E
1140	Molina_A	3	Molina_A
2808	Messeri_E	3	Messeri_E
1646	Khosmood_F	3	Khosmood_F
2824	Schein_A	3	Schein_A
2152	Li_M	3	Li_M
1105	Butler_C	3	Butler_C
1949	Dunning_T	3	Dunning_T
1456	Hunter_J	3	Hunter_J
2805	Seroussi_Y	3	Seroussi_Y
2840	Santini_M	3	Santini_M
1496	Pincemin_B	3	Pincemin_B
1955	Solan_L	3	Solan_L
2972	Potter_R	3	Potter_R
2828	Lessard_G	3	Lessard_G
1339	Peng_R	3	Peng_R
3279	Dahlbäck_N	3	Dahlbäck_N
2357	Batista_L	3	Batista_L
563	Graham_N	3	Graham_N
193	McColly_W	3	McColly_W
3165	Joyce_J	3	Joyce_J
594	Hancock_J	3	Hancock_J
3159	McCarty_W	3	McCarty_W
179	Ferguson_G	3	Ferguson_G
0	Frischer_B	3	Frischer_B
159	Hardcastle_R	3	Hardcastle_R
639	Hall_M	3	Hall_M
2693	Michel_J	3	Michel_J
3117	Burns_K	3	Burns_K
1971	Cormack_G	3	Cormack_G
380	Acharya_S	3	Acharya_S
862	Guthrie_D	3	Guthrie_D
2688	Cook_C	3	Cook_C
2869	Oman_P	3	Oman_P
1226	Charniak_E	3	Charniak_E
1621	Leavitt_J	3	Leavitt_J
2110	Frank_E	3	Frank_E
1723	Dimpel_F	3	Dimpel_F
2076	Scott_M	3	Scott_M
1764	MacWhinney_B	3	MacWhinney_B
2961	Iqbal_F	3	Iqbal_F
1787	Rißler-Pipka_N	3	Rißler-Pipka_N
2613	Della-Pietra_S	3	Della-Pietra_S
2103	Meister_J	3	Meister_J
1349	Calvo-Tello_J	3	Calvo-Tello_J
1528	Della-Pietra_V	3	Della-Pietra_V
1790	Humphreys_K	3	Humphreys_K
2995	Cluett_R	3	Cluett_R
956	Grossman_M	2	Grossman_M
1021	Stefanov_E	2	Stefanov_E
951	Li_S	2	Li_S
977	Saquete_E	2	Saquete_E
978	Johnson_R	2	Johnson_R
1001	Marsden_J	2	Marsden_J
944	Brooks_R	2	Brooks_R
1003	Berry_D	2	Berry_D
1007	Novak_M	2	Novak_M
1016	Li_J	2	Li_J
1414	Kern_R	2	Kern_R
1079	Whissell_C	2	Whissell_C
1045	Levitan_S	2	Levitan_S
1047	Hilton_M	2	Hilton_M
1062	Sweidan_R	2	Sweidan_R
1067	Scholer_F	2	Scholer_F
1068	Zigdon_K	2	Zigdon_K
1100	Leech_G	2	Leech_G
1101	Anstey_P	2	Anstey_P
1106	Dabagh_R	2	Dabagh_R
1108	Dijk_T	2	Dijk_T
939	Polikarpov_A	2	Polikarpov_A
1110	Tankard_J	2	Tankard_J
1035	Baker_B	2	Baker_B
940	Sarmento_L	2	Sarmento_L
1259	Gonçalves_L	2	Gonçalves_L
1120	Steger_S	2	Steger_S
1123	Martin_W	2	Martin_W
1175	Platt_J	2	Platt_J
1432	Austin_W	2	Austin_W
1185	Zhu_Q	2	Zhu_Q
1195	Hamilton_M	2	Hamilton_M
1203	Cochran_W	2	Cochran_W
1233	Vel_O	2	Vel_O
1234	Mohay_G	2	Mohay_G
1236	MacKay_R	2	MacKay_R
1241	Dressler_W	2	Dressler_W
1248	Hale_J	2	Hale_J
1267	Ishizaki_S	2	Ishizaki_S
1322	Calderone_B	2	Calderone_B
1328	Butler_B	2	Butler_B
1335	Heydon_D	2	Heydon_D
1353	Stewart_L	2	Stewart_L
1366	Cantos-Gómez_P	2	Cantos-Gómez_P
1367	Richards_J	2	Richards_J
1375	Joshi_S	2	Joshi_S
1383	Hatch_E	2	Hatch_E
1398	Joy_M	2	Joy_M
1402	Paskov_H	2	Paskov_H
1153	Bradley_J	2	Bradley_J
1149	Taves_E	2	Taves_E
935	Criddle_C	2	Criddle_C
1491	Hutchens_J	2	Hutchens_J
1468	Perkins_R	2	Perkins_R
1663	Mozgovoy_M	2	Mozgovoy_M
1476	Fischer-Starcke_B	2	Fischer-Starcke_B
1480	Lester_N	2	Lester_N
1485	Michos_S	2	Michos_S
1487	Parker_R	2	Parker_R
1155	Hollingsworth_C	2	Hollingsworth_C
1492	Uzuner_Ö	2	Uzuner_Ö
1499	Ott_M	2	Ott_M
1504	Weinstein_S	2	Weinstein_S
1517	Madrigal_J	2	Madrigal_J
1524	Sidner_C	2	Sidner_C
1466	Kemp_K	2	Kemp_K
1526	Treffers-Daller_J	2	Treffers-Daller_J
1538	Heiden_S	2	Heiden_S
1565	Saxonhouse_A	2	Saxonhouse_A
1573	Hinton_G	2	Hinton_G
1581	Hota_S	2	Hota_S
1584	Dunsmore_H	2	Dunsmore_H
1593	Kurfess_F	2	Kurfess_F
1622	DePaulo_B	2	DePaulo_B
1652	Bennett_J	2	Bennett_J
1654	Yarowsky_D	2	Yarowsky_D
1660	Lappin_S	2	Lappin_S
1536	Baroni_M	2	Baroni_M
1475	Stein_S	2	Stein_S
1668	Everson_R	2	Everson_R
1710	Lynch_G	2	Lynch_G
1680	Zhao_M	2	Zhao_M
1711	Williams_R	2	Williams_R
1727	Bethard_S	2	Bethard_S
1732	Roper_M	2	Roper_M
1741	Ireland_M	2	Ireland_M
1753	Bernstein_Y	2	Bernstein_Y
1767	Dybkjaer_L	2	Dybkjaer_L
1778	Prieto_N	2	Prieto_N
1782	Fagel_S	2	Fagel_S
1786	Rockwell_G	2	Rockwell_G
1788	Chung_C	2	Chung_C
1793	Zaka_B	2	Zaka_B
1796	Holbrook_A	2	Holbrook_A
1802	Feiguina_O	2	Feiguina_O
1803	Blom_J	2	Blom_J
1807	Manber_U	2	Manber_U
1815	Kolata_G	2	Kolata_G
1817	Baker_M	2	Baker_M
1821	Kline_E	2	Kline_E
1834	Woolls_D	2	Woolls_D
1836	McCarthy_P	2	McCarthy_P
1850	Jamison_K	2	Jamison_K
1853	Gray_G	2	Gray_G
1708	Suzuki_T	2	Suzuki_T
1160	McKerrow_R	2	McKerrow_R
3010	Russel_A	2	Russel_A
2608	Koolen_C	2	Koolen_C
2721	Nirkhi_S	2	Nirkhi_S
3242	Stillinger_J	2	Stillinger_J
2816	Mitzenmacher_M	2	Mitzenmacher_M
2624	Ortuno_M	2	Ortuno_M
2871	Tambovtsev_Y	2	Tambovtsev_Y
2627	Caver_J	2	Caver_J
3095	Rocha_M	2	Rocha_M
2976	Arun_R	2	Arun_R
2681	Schils_E	2	Schils_E
3240	Fenstermaker_J	2	Fenstermaker_J
3135	Thisted_R	2	Thisted_R
3241	Uzuner_O	2	Uzuner_O
2870	Gamon_M	2	Gamon_M
3151	Hearst_M	2	Hearst_M
3026	Fernandez_A	2	Fernandez_A
2823	Kempe_V	2	Kempe_V
2640	Heuvel_H	2	Heuvel_H
2713	Linmans_A	2	Linmans_A
3316	Kemerer_C	2	Kemerer_C
3210	Gehrke_G	2	Gehrke_G
3012	Burger_J	2	Burger_J
3220	Bethencourt_J	2	Bethencourt_J
2781	Watt_T	2	Watt_T
2782	Caglioti_E	2	Caglioti_E
2903	Bernsen_N	2	Bernsen_N
2729	McWhorter_J	2	McWhorter_J
1666	Shaban-Rafi_M	2	Shaban-Rafi_M
3063	Song_D	2	Song_D
902	Picornell_I	2	Picornell_I
3057	Boves_L	2	Boves_L
2897	Tirven-Gadum_V	2	Tirven-Gadum_V
2829	Grozea_C	2	Grozea_C
3032	Prieto-Rodriguez_E	2	Prieto-Rodriguez_E
3196	Cole_C	2	Cole_C
3318	Clark_H	2	Clark_H
3319	Sharp_D	2	Sharp_D
3020	Katsikas_S	2	Katsikas_S
2738	Covington_M	2	Covington_M
3230	Chaurasia_M	2	Chaurasia_M
3317	Kindermann_J	2	Kindermann_J
2717	Köhler_R	2	Köhler_R
3081	Allison_B	2	Allison_B
2629	Unsworth_J	2	Unsworth_J
2902	Mitra_P	2	Mitra_P
2873	Collins_J	2	Collins_J
3144	Ramakrishnan_K	2	Ramakrishnan_K
2765	Dolezel_L	2	Dolezel_L
2725	O'Donnell_B	2	O'Donnell_B
2766	Wyner_A	2	Wyner_A
3146	Rumelhart_D	2	Rumelhart_D
3094	Thompson_P	2	Thompson_P
2916	Kukushkina_O	2	Kukushkina_O
3115	Maslova_T	2	Maslova_T
3105	Fish_S	2	Fish_S
2858	Robinson_S	2	Robinson_S
2641	Cucchiarini_C	2	Cucchiarini_C
3018	Chew_C	2	Chew_C
2891	Keim_D	2	Keim_D
2836	Tanselle_G	2	Tanselle_G
2965	Fodor_J	2	Fodor_J
3252	Shimoni_A	2	Shimoni_A
2664	Johnson_C	2	Johnson_C
3311	Gong_N	2	Gong_N
3125	Ross_A	2	Ross_A
3161	Giles_C	2	Giles_C
2642	Guthrie_L	2	Guthrie_L
2774	Tufte_E	2	Tufte_E
3253	Vanderbok_J	2	Vanderbok_J
2792	Dwoskin_J	2	Dwoskin_J
3208	Montes_M	2	Montes_M
2741	Lipka_N	2	Lipka_N
2778	Riepl_C	2	Riepl_C
3287	Fernández_A	2	Fernández_A
3013	Cook_M	2	Cook_M
3266	Reynar_J	2	Reynar_J
2842	Amitay_E	2	Amitay_E
2802	Constable_J	2	Constable_J
2948	Yannakakis_M	2	Yannakakis_M
2910	Rosso_O	2	Rosso_O
3179	Collins_C	2	Collins_C
3158	Banks_D	2	Banks_D
3181	Diab_M	2	Diab_M
2748	Stevenson_B	2	Stevenson_B
2924	Carletta_J	2	Carletta_J
2753	Estival_D	2	Estival_D
3221	Short_M	2	Short_M
2917	Aaronson_S	2	Aaronson_S
2650	Cartright_M	2	Cartright_M
2954	Stańczyk_U	2	Stańczyk_U
2701	Louwerse_M	2	Louwerse_M
3173	Neijt_A	2	Neijt_A
3263	Hasanaj_B	2	Hasanaj_B
3037	Poudat_C	2	Poudat_C
2714	Rencher_A	2	Rencher_A
3299	Bourke_S	2	Bourke_S
3176	Maia_B	2	Maia_B
3109	Kirsten_M	2	Kirsten_M
3215	Tambovtsev_J	2	Tambovtsev_J
3214	Kaszkiel_M	2	Kaszkiel_M
2861	Bernaola-Galván_P	2	Bernaola-Galván_P
3078	Kubát_M	2	Kubát_M
2706	Svartvik_J	2	Svartvik_J
2971	Baldock_M	2	Baldock_M
3269	Carr_F	2	Carr_F
1856	Searls_D	2	Searls_D
1539	Clayman_D	2	Clayman_D
870	Skinner_K	2	Skinner_K
2449	Louÿs_P	2	Louÿs_P
1973	West_T	2	West_T
2469	Sparck-Jones_K	2	Sparck-Jones_K
2483	Vartapetiance_A	2	Vartapetiance_A
2487	Richardson_D	2	Richardson_D
2412	Horgan_J	2	Horgan_J
2365	Rabin_M	2	Rabin_M
2068	Pillay_S	2	Pillay_S
2364	Strik_H	2	Strik_H
2168	Pearsall_D	2	Pearsall_D
2209	Savatic_A	2	Savatic_A
2155	Paass_G	2	Paass_G
2224	Mellet_S	2	Mellet_S
2225	Johnstone_B	2	Johnstone_B
2147	Osborn_A	2	Osborn_A
2230	Stent_A	2	Stent_A
2239	Huang_L	2	Huang_L
2145	Fung_G	2	Fung_G
2242	Berger_A	2	Berger_A
2124	Sanderson_C	2	Sanderson_C
2245	Marthi_B	2	Marthi_B
2251	Shmatikov_V	2	Shmatikov_V
2121	Stamou_C	2	Stamou_C
2274	Tournier_M	2	Tournier_M
1978	Adler_M	2	Adler_M
2443	Zhang_S	2	Zhang_S
2102	Plale_B	2	Plale_B
2439	Henderson-Frost_W	2	Henderson-Frost_W
1860	Walker_M	2	Walker_M
1323	Anshen_F	2	Anshen_F
2407	Lavergne_T	2	Lavergne_T
2366	Dalkilic_M	2	Dalkilic_M
2370	Golcher_F	2	Golcher_F
2371	Efron_B	2	Efron_B
2377	Sigelman_L	2	Sigelman_L
2386	Dharaskar_R	2	Dharaskar_R
2388	Karig_D	2	Karig_D
2060	Roche_M	2	Roche_M
2056	Daly_C	2	Daly_C
2054	Hamm_J	2	Hamm_J
2035	Pothos_E	2	Pothos_E
2026	Vapnik_V	2	Vapnik_V
2402	Jr_J	2	Jr_J
2013	Manning_C	2	Manning_C
2066	Li_X	2	Li_X
2178	Martin_J	2	Martin_J
2416	Oliveira_E	2	Oliveira_E
1991	Eckert_M	2	Eckert_M
2435	Glover_A	2	Glover_A
1985	Kageura_K	2	Kageura_K
1982	Lebart_L	2	Lebart_L
2280	Garrett_M	2	Garrett_M
2101	Yang_A	2	Yang_A
666	Sapkota_U	2	Sapkota_U
1935	Cooper_R	2	Cooper_R
2577	Beeferman_D	2	Beeferman_D
2567	Abou-Assaleh_T	2	Abou-Assaleh_T
2568	Howald_B	2	Howald_B
1939	Scheirer_W	2	Scheirer_W
2569	Grefenstette_G	2	Grefenstette_G
1880	Poesio_M	2	Poesio_M
1936	Kothari_J	2	Kothari_J
1927	Lee_J	2	Lee_J
2607	Winspear_A	2	Winspear_A
2490	Justino_E	2	Justino_E
1969	Wolters_M	2	Wolters_M
2606	Quesada_J	2	Quesada_J
1918	Benedetto_D	2	Benedetto_D
1959	Garrard_P	2	Garrard_P
1957	Silva_R	2	Silva_R
2502	Black_B	2	Black_B
1869	Shivakumar_N	2	Shivakumar_N
2496	Barron-Cedeno_A	2	Barron-Cedeno_A
2529	McGregor_J	2	McGregor_J
1899	Mačutek_J	2	Mačutek_J
2541	Pollatschek_M	2	Pollatschek_M
2591	Clement_T	2	Clement_T
332	Rosen-Zvi_M	2	Rosen-Zvi_M
2565	Vrij_A	2	Vrij_A
2564	Loreto_V	2	Loreto_V
2295	Ordan_N	2	Ordan_N
2562	Laboreiro_G	2	Laboreiro_G
2298	Lai_J	2	Lai_J
2302	Martí_M	2	Martí_M
2314	Towsley_D	2	Towsley_D
2315	Edmundson_H	2	Edmundson_H
2316	Boggs_A	2	Boggs_A
2325	Maxion_R	2	Maxion_R
2086	Treschow_M	2	Treschow_M
2084	Burton_D	2	Burton_D
2352	Meissner_B	2	Meissner_B
2074	Majaranta_P	2	Majaranta_P
2488	Kumar_V	2	Kumar_V
2489	Baker_P	2	Baker_P
2169	Mueller_M	2	Mueller_M
2555	Brunner_A	2	Brunner_A
2558	Miron_M	2	Miron_M
1951	Suresh_V	2	Suresh_V
1881	Kruh_L	2	Kruh_L
1933	Anderson_J	2	Anderson_J
2603	Allen_R	2	Allen_R
1934	Maslov_V	2	Maslov_V
1886	Eagleson_R	2	Eagleson_R
2602	Cha_S	2	Cha_S
2559	Hargevik_S	2	Hargevik_S
591	Somoza_A	2	Somoza_A
1917	Reynolds_D	2	Reynolds_D
661	Bonchek-Dokow_E	2	Bonchek-Dokow_E
157	Winter_Y	2	Winter_Y
3	Bell_T	2	Bell_T
6	Wimmer_G	2	Wimmer_G
22	Kilgour_R	2	Kilgour_R
41	Blades_N	2	Blades_N
69	Wu_D	2	Wu_D
74	Rastier_F	2	Rastier_F
89	Laan_N	2	Laan_N
94	Siegel_S	2	Siegel_S
125	Ule_R	2	Ule_R
134	Hockey_S	2	Hockey_S
142	Royal-Statistical-Society	2	Royal-Statistical-Society
496	Dick_M	2	Dick_M
156	Lovat_T	2	Lovat_T
158	Chakraborty_T	2	Chakraborty_T
162	Munoz_E	2	Munoz_E
189	Ernestus_M	2	Ernestus_M
230	Aked_J	2	Aked_J
232	Ellegård_A	2	Ellegård_A
242	Gillam_L	2	Gillam_L
250	Seliya_N	2	Seliya_N
265	Takçı_H	2	Takçı_H
266	Wachal_R	2	Wachal_R
283	Holmes_K	2	Holmes_K
299	Gallardo_B	2	Gallardo_B
323	Adorf_H	2	Adorf_H
325	Fortier_J	2	Fortier_J
424	Yvon_F	2	Yvon_F
657	Goodman_J	2	Goodman_J
337	Zhai_C	2	Zhai_C
355	Waite_S	2	Waite_S
381	Bendersky_M	2	Bendersky_M
387	Roberts_A	2	Roberts_A
398	Winograd_T	2	Winograd_T
399	Woods_W	2	Woods_W
406	Hall_C	2	Hall_C
420	Cutting_D	2	Cutting_D
423	Marcus_L	2	Marcus_L
431	Raghavan_P	2	Raghavan_P
329	Holmes_G	2	Holmes_G
435	Frieder_O	2	Frieder_O
438	Magri-Mourgues_V	2	Magri-Mourgues_V
439	Pinker_S	2	Pinker_S
442	Fridman_A	2	Fridman_A
444	Bachenko_J	2	Bachenko_J
448	Sheard_J	2	Sheard_J
453	Spassova_M	2	Spassova_M
486	Aoyama_H	2	Aoyama_H
490	Friedman_E	2	Friedman_E
494	Lachenbruch_P	2	Lachenbruch_P
289	Murk-Jansen_S	2	Murk-Jansen_S
350	Karlgren_H	2	Karlgren_H
897	Fine_J	2	Fine_J
701	Honan_W	2	Honan_W
673	Sabourin_C	2	Sabourin_C
670	Fitzpatrick_E	2	Fitzpatrick_E
520	Berwick_R	2	Berwick_R
522	van-Zundert_J	2	van-Zundert_J
523	Oberlander_J	2	Oberlander_J
535	Paepcke_A	2	Paepcke_A
539	Bender_T	2	Bender_T
544	Nowson_S	2	Nowson_S
545	Zimmer_G	2	Zimmer_G
555	Gatica-Perez_D	2	Gatica-Perez_D
557	Laffal_J	2	Laffal_J
578	Diederich_J	2	Diederich_J
582	Grieve_J	2	Grieve_J
510	Ullman_J	2	Ullman_J
589	Kardos_J	2	Kardos_J
598	Buckley_C	2	Buckley_C
611	Pedersen_J	2	Pedersen_J
621	Kilgarriff_A	2	Kilgarriff_A
623	Choi_Y	2	Choi_Y
627	Ruecker_S	2	Ruecker_S
638	Čech_R	2	Čech_R
502	Johnson_D	2	Johnson_D
649	Vines_P	2	Vines_P
681	Backer_E	2	Backer_E
644	Smith_W	2	Smith_W
865	Montoyo_A	2	Montoyo_A
792	Mullin_J	2	Mullin_J
864	Martell_C	2	Martell_C
704	Obaidat_M	2	Obaidat_M
732	Escalante_H	2	Escalante_H
734	Landauer_T	2	Landauer_T
742	MacLennan_G	2	MacLennan_G
743	Wright_S	2	Wright_S
776	Altick_R	2	Altick_R
779	Horton_R	2	Horton_R
513	Sporer_S	2	Sporer_S
785	Ekinci_E	2	Ekinci_E
778	Van-Peer_W	2	Van-Peer_W
795	Mascol_C	2	Mascol_C
833	Ratkowsky_D	2	Ratkowsky_D
856	Semino_E	2	Semino_E
804	Thorpe_J	2	Thorpe_J
847	Guenter_S	2	Guenter_S
845	Debreceny_R	2	Debreceny_R
853	Langley_P	2	Langley_P
818	Harris_M	2	Harris_M
812	Ma_J	2	Ma_J
808	Heuser_R	2	Heuser_R
806	Shi_Z	2	Shi_Z
1041	Schegloff_E	1	Schegloff_E
1032	Nyhan_J	1	Nyhan_J
1042	Thompson_S	1	Thompson_S
1049	Peterson_L	1	Peterson_L
1048	Robertson_M	1	Robertson_M
3035	Warren_A	1	Warren_A
1046	Abraham_T	1	Abraham_T
3036	Pereira_F	1	Pereira_F
1044	Berry_K	1	Berry_K
1043	Kingston_J	1	Kingston_J
1071	Prechelt_L	1	Prechelt_L
1051	Murty_M	1	Murty_M
1039	Oldfield_R	1	Oldfield_R
1038	Weid_J	1	Weid_J
1037	Cunningham_H	1	Cunningham_H
1036	Ovenden_R	1	Ovenden_R
3038	Hayes_R	1	Hayes_R
1034	Ayala_F	1	Ayala_F
1033	Leahy_P	1	Leahy_P
1050	Chandola_A	1	Chandola_A
3034	Rijke_M	1	Rijke_M
1074	Cantos_P	1	Cantos_P
3033	Baljko_M	1	Baljko_M
1072	Sayre_K	1	Sayre_K
3022	Fraser_N	1	Fraser_N
1095	Norvig_P	1	Norvig_P
1096	Srinivasan_D	1	Srinivasan_D
3029	Hinneburg_A	1	Hinneburg_A
1078	Fu_B	1	Fu_B
1069	Bernardini_S	1	Bernardini_S
1077	Winter_E	1	Winter_E
1076	Purnelle_G	1	Purnelle_G
1075	Legara_E	1	Legara_E
1091	Best_J	1	Best_J
1093	Shepp_L	1	Shepp_L
1073	Pavlyshenko_B	1	Pavlyshenko_B
1104	Ball_C	1	Ball_C
1112	Loken-Kim_K	1	Loken-Kim_K
1111	Massey_J	1	Massey_J
3019	Umphress_D	1	Umphress_D
1109	Crosland_A	1	Crosland_A
3021	Zhang_Q	1	Zhang_Q
3023	Novak_J	1	Novak_J
3024	Bonsall_B	1	Bonsall_B
1094	Chiu_D	1	Chiu_D
1102	Booth_A	1	Booth_A
3027	Song_Y	1	Song_Y
1099	Gallagher_M	1	Gallagher_M
1098	Senturia_S	1	Senturia_S
1097	Shi_W	1	Shi_W
1070	Brazdil_P	1	Brazdil_P
216	Oliver_S	1	Oliver_S
3031	Rockeach_M	1	Rockeach_M
1066	Argiri_E	1	Argiri_E
211	Leed_J	1	Leed_J
3271	Cunningham_S	1	Cunningham_S
209	Tsiotras_P	1	Tsiotras_P
208	Miller_A	1	Miller_A
207	Connors_M	1	Connors_M
223	Hyrskykari_A	1	Hyrskykari_A
225	Elliott_J	1	Elliott_J
205	Stork_F	1	Stork_F
236	Cohen_H	1	Cohen_H
243	Fossa_C	1	Fossa_C
3267	Mitchell_A	1	Mitchell_A
241	Kimler_M	1	Kimler_M
240	Meyer_B	1	Meyer_B
239	Neumann_S	1	Neumann_S
238	Wright_H	1	Wright_H
237	Bodwin_K	1	Bodwin_K
235	Gordon_L	1	Gordon_L
226	Look_D	1	Look_D
234	Duchowski_A	1	Duchowski_A
233	Pietraszek_T	1	Pietraszek_T
3268	Szymanski_B	1	Szymanski_B
231	Drew_J	1	Drew_J
229	Galway_L	1	Galway_L
212	Sandra_D	1	Sandra_D
3270	Marton_Y	1	Marton_Y
224	Brown_S	1	Brown_S
1055	Pietikainen_M	1	Pietikainen_M
1065	Segal_N	1	Segal_N
1064	Hoth_E	1	Hoth_E
1063	Rygiel_D	1	Rygiel_D
1061	Yom-Tov_E	1	Yom-Tov_E
1053	Burnard_L	1	Burnard_L
1060	Skoglund_M	1	Skoglund_M
1059	Nichols_J	1	Nichols_J
1058	Ahrenberg_L	1	Ahrenberg_L
1057	Labbe_D	1	Labbe_D
1056	Yasdi_M	1	Yasdi_M
1054	Bever_T	1	Bever_T
214	Baronchelli_A	1	Baronchelli_A
668	Tapanainen_P	1	Tapanainen_P
3152	Plasek_A	1	Plasek_A
3143	Young_M	1	Young_M
215	Farach_M	1	Farach_M
222	Genkin_A	1	Genkin_A
221	Sorkin_G	1	Sorkin_G
220	Okita_T	1	Okita_T
219	Raylor_T	1	Raylor_T
218	Makino_S	1	Makino_S
217	Zigdon_I	1	Zigdon_I
1080	de-Haan_P	1	de-Haan_P
959	Pazzani_M	1	Pazzani_M
1081	Burke_S	1	Burke_S
1013	Savatić_A	1	Savatić_A
996	Myers_E	1	Myers_E
995	Kurimo_M	1	Kurimo_M
994	Mehl_M	1	Mehl_M
993	Kay_M	1	Kay_M
3052	Ji_M	1	Ji_M
1009	Ketema_Y	1	Ketema_Y
1010	Orgel_S	1	Orgel_S
1011	Markham_M	1	Markham_M
3044	Meo_M	1	Meo_M
1028	Siebes_A	1	Siebes_A
1027	Kennedy_C	1	Kennedy_C
1026	Wickramarathne_T	1	Wickramarathne_T
1025	Friendly_M	1	Friendly_M
1024	Màrquez_L	1	Màrquez_L
3042	Sayoy_J	1	Sayoy_J
1022	Leighton_J	1	Leighton_J
1020	Chappas_C	1	Chappas_C
1012	Johnson_J	1	Johnson_J
1019	MacLeod_A	1	MacLeod_A
1018	Peng_C	1	Peng_C
1017	Kannan_A	1	Kannan_A
3045	Barras_C	1	Barras_C
3046	Jones_K	1	Jones_K
3051	Wynne_M	1	Wynne_M
998	Demiroz_G	1	Demiroz_G
999	Chin_J	1	Chin_J
1116	Verine_B	1	Verine_B
1229	Torvik_V	1	Torvik_V
227	American-Board-of-Forensic-Document-Examiners	1	American-Board-of-Forensic-Document-Examiners
1221	Conlin_J	1	Conlin_J
1228	McOwan_P	1	McOwan_P
1227	AblaBmeier_M	1	AblaBmeier_M
2998	Guarino_A	1	Guarino_A
1225	Clark_M	1	Clark_M
2999	Martynenko_G	1	Martynenko_G
1223	Adams_S	1	Adams_S
1222	Ng_B	1	Ng_B
1115	Krishnamoorthi_R	1	Krishnamoorthi_R
3050	Storey_S	1	Storey_S
1114	Neumann_F	1	Neumann_F
1113	Kuseler_T	1	Kuseler_T
1008	Gross_D	1	Gross_D
3047	Dzikovska_M	1	Dzikovska_M
1006	Hwang_C	1	Hwang_C
1005	Jha_S	1	Jha_S
1004	Siddharth_J	1	Siddharth_J
3048	Everitt_R	1	Everitt_R
1002	McCrae_R	1	McCrae_R
3049	Asher_N	1	Asher_N
1014	Dawson_J	1	Dawson_J
991	Shen_V	1	Shen_V
1092	Seshadri_K	1	Seshadri_K
3053	Bock_P	1	Bock_P
982	De-Luca_A	1	De-Luca_A
980	Diehl_V	1	Diehl_V
3058	Loiseau_S	1	Loiseau_S
3060	Robertson_B	1	Robertson_B
3059	Chaitin_G	1	Chaitin_G
976	Schuster_J	1	Schuster_J
975	Forster_P	1	Forster_P
974	Brautbar_N	1	Brautbar_N
973	Page_L	1	Page_L
972	Lutosławski_W	1	Lutosławski_W
971	McConnell_J	1	McConnell_J
3039	Bogdanova_D	1	Bogdanova_D
1030	Herkt_M	1	Herkt_M
1031	Inkpen_D	1	Inkpen_D
1083	Wellman_F	1	Wellman_F
1090	Panckhurst_R	1	Panckhurst_R
1089	DeLaVina_E	1	DeLaVina_E
3028	Papadimitrou_C	1	Papadimitrou_C
1087	Levinson_R	1	Levinson_R
1086	Eriksson_G	1	Eriksson_G
1085	Thesleff_H	1	Thesleff_H
1084	Niezgoda_S	1	Niezgoda_S
1082	Haberman_S	1	Haberman_S
983	Ramyaa_C	1	Ramyaa_C
3055	Turner_G	1	Turner_G
985	Samuelsson_C	1	Samuelsson_C
3064	Sajous_F	1	Sajous_F
3054	Dahl_M	1	Dahl_M
966	Granville_A	1	Granville_A
965	Nolte_L	1	Nolte_L
964	Morton_T	1	Morton_T
3061	Kastorp_F	1	Kastorp_F
962	Brassard_G	1	Brassard_G
3062	Tuzzi_A	1	Tuzzi_A
960	Fitzgerald_J	1	Fitzgerald_J
958	Berchtold_S	1	Berchtold_S
667	Ly-Gagnon_D	1	Ly-Gagnon_D
955	Kolter_J	1	Kolter_J
986	Harvey_W	1	Harvey_W
954	Chen_T	1	Chen_T
953	James_R	1	James_R
3065	Burwick_F	1	Burwick_F
3066	Doval_A	1	Doval_A
3067	Scott_C	1	Scott_C
967	Ord_T	1	Ord_T
969	Merkin_R	1	Merkin_R
988	Wubben_S	1	Wubben_S
979	Struzik_Z	1	Struzik_Z
987	Finegan_E	1	Finegan_E
228	Adelsbach_A	1	Adelsbach_A
3256	Müller-Pfeiffer_S	1	Müller-Pfeiffer_S
206	Hilbert_D	1	Hilbert_D
65	Smith_N	1	Smith_N
46	Nanetti_L	1	Nanetti_L
45	Cambazoglu_B	1	Cambazoglu_B
44	Slobin_D	1	Slobin_D
43	Adamson_R	1	Adamson_R
42	Swoboda_V	1	Swoboda_V
61	Chai_S	1	Chai_S
63	Drucker_H	1	Drucker_H
39	Huls_C	1	Huls_C
73	Yardi_M	1	Yardi_M
81	Egbert_J	1	Egbert_J
80	Shanmugapriya_D	1	Shanmugapriya_D
79	Wickramasinghe_C	1	Wickramasinghe_C
78	Zecevic_A	1	Zecevic_A
77	Campbell_D	1	Campbell_D
76	Grotjahn_R	1	Grotjahn_R
3312	Muhr_M	1	Muhr_M
72	Rebedea_T	1	Rebedea_T
64	Clarke_G	1	Clarke_G
71	D.-el-Murr	1	D.-el-Murr
70	Kaplan_F	1	Kaplan_F
3313	Yee_M	1	Yee_M
3314	Conley_J	1	Conley_J
67	Kirby_L	1	Kirby_L
48	Frederick_M	1	Frederick_M
49	Zampieri_M	1	Zampieri_M
62	Wang_G	1	Wang_G
270	Reynolds_L	1	Reynolds_L
280	Messerman_A	1	Messerman_A
279	Levine_S	1	Levine_S
278	Chang_W	1	Chang_W
277	Watkins_C	1	Watkins_C
276	Glass_R	1	Glass_R
275	Belak_S	1	Belak_S
274	Taulé_M	1	Taulé_M
273	Lessard_R	1	Lessard_R
272	Lijffijt_J	1	Lijffijt_J
271	Soffa_M	1	Soffa_M
166	Klampfl_S	1	Klampfl_S
51	Sebillo_M	1	Sebillo_M
164	Niculae_V	1	Niculae_V
328	Kerby_D	1	Kerby_D
52	Paul_M	1	Paul_M
60	Charikar_M	1	Charikar_M
59	Andrews_D	1	Andrews_D
58	Dimitroulia_T	1	Dimitroulia_T
56	Cavallini_A	1	Cavallini_A
55	Fürnkranz_J	1	Fürnkranz_J
54	Shanmuganathan_S	1	Shanmuganathan_S
53	Schütze_H	1	Schütze_H
66	Woods_A	1	Woods_A
40	van-Hulle_D	1	van-Hulle_D
3272	Essig_T	1	Essig_T
38	Richardson_J	1	Richardson_J
32	Dejima_K	1	Dejima_K
31	Hida_K	1	Hida_K
30	Sebastiani_F	1	Sebastiani_F
3324	Fu_M	1	Fu_M
20	Adolphs_S	1	Adolphs_S
3325	von-Waldenfels_R	1	von-Waldenfels_R
26	Gil_S	1	Gil_S
3326	Corrigan_B	1	Corrigan_B
24	Walpole_J	1	Walpole_J
23	Ribeiro-Neto_B	1	Ribeiro-Neto_B
3327	Whipp_R	1	Whipp_R
21	Booth_R	1	Booth_R
3310	Lohlein_B	1	Lohlein_B
83	Seymour_M	1	Seymour_M
3309	Ma_B	1	Ma_B
3298	Pugh_E	1	Pugh_E
141	Vignaux_G	1	Vignaux_G
140	Luca_M	1	Luca_M
139	Stock_J	1	Stock_J
3295	Prabhakar_S	1	Prabhakar_S
137	Dović_M	1	Dović_M
136	Welch_T	1	Welch_T
1232	McClelland_J	1	McClelland_J
33	Vogel_S	1	Vogel_S
34	Motwani_R	1	Motwani_R
3321	Moller_S	1	Moller_S
18	Aamodt_A	1	Aamodt_A
163	Hannon_C	1	Hannon_C
9	Rokach_L	1	Rokach_L
16	Flores-Saez_E	1	Flores-Saez_E
15	Aldridge_W	1	Aldridge_W
14	Norman_K	1	Norman_K
3329	Abbass_H	1	Abbass_H
12	Serant_D	1	Serant_D
11	Rabinovich_M	1	Rabinovich_M
10	Sousa-Silva_R	1	Sousa-Silva_R
8	Gitchell_D	1	Gitchell_D
7	Davies_M	1	Davies_M
36	Kanigel_R	1	Kanigel_R
3330	Posner_R	1	Posner_R
5	Consulative-Committee-for-Space-Data-Systems-(CCSDS)	1	Consulative-Committee-for-Space-Data-Systems-(CCSDS)
4	Sneath_P	1	Sneath_P
3331	Kan_M	1	Kan_M
2	Markham_S	1	Markham_S
1	Stronks_E	1	Stronks_E
17	Boguraev_B	1	Boguraev_B
3328	Pacewicz_A	1	Pacewicz_A
37	Buckingham_D	1	Buckingham_D
3323	Kanaris_I	1	Kanaris_I
281	Morales_M	1	Morales_M
282	Igarashi_Y	1	Igarashi_Y
284	Johnston_D	1	Johnston_D
3257	Hartmann_R	1	Hartmann_R
198	Cox_D	1	Cox_D
197	Weninger_T	1	Weninger_T
196	Rude_S	1	Rude_S
194	Archer_D	1	Archer_D
186	Brown_R	1	Brown_R
3274	Popp_S	1	Popp_S
3276	Kurose_J	1	Kurose_J
191	de-la-Rosa_J	1	de-la-Rosa_J
190	Daller_H	1	Daller_H
3277	Stewart_W	1	Stewart_W
188	McCombe_N	1	McCombe_N
187	Zhan_B	1	Zhan_B
244	Steinberg_E	1	Steinberg_E
245	Gehl_G	1	Gehl_G
247	Zhang_D	1	Zhang_D
297	Venezky_R	1	Venezky_R
306	Matlack_C	1	Matlack_C
304	Gray_W	1	Gray_W
303	Bobenhausen_K	1	Bobenhausen_K
302	Boult_T	1	Boult_T
300	Charlton_K	1	Charlton_K
3254	Sagot_B	1	Sagot_B
298	Villaseñor-Pineda_L	1	Villaseñor-Pineda_L
199	Beer_J	1	Beer_J
200	Hedelin_P	1	Hedelin_P
201	Johnson_P	1	Johnson_P
184	Miller_B	1	Miller_B
3283	Stern_S	1	Stern_S
3281	Bernal_J	1	Bernal_J
182	Geetha_T	1	Geetha_T
181	Rochat_Y	1	Rochat_Y
180	Goldberg_L	1	Goldberg_L
3280	Cheong_M	1	Cheong_M
178	McIntosh_R	1	McIntosh_R
177	Hakemulder_F	1	Hakemulder_F
176	Menon_R	1	Menon_R
174	Gillick_D	1	Gillick_D
173	Lykken_D	1	Lykken_D
202	Fredriksson_K	1	Fredriksson_K
172	Tsimboukakis_N	1	Tsimboukakis_N
171	Kucukyilmaz_T	1	Kucukyilmaz_T
170	Guilbaud_G	1	Guilbaud_G
169	Clement_R	1	Clement_R
168	Jain_A	1	Jain_A
167	Blum_A	1	Blum_A
183	Carayannis_G	1	Carayannis_G
185	Forensic-Linguistics-Institute	1	Forensic-Linguistics-Institute
203	Beekhof_F	1	Beekhof_F
3273	Miall_D	1	Miall_D
296	Lakshmanan_V	1	Lakshmanan_V
308	Ribeiro_A	1	Ribeiro_A
295	Lavrentiev_A	1	Lavrentiev_A
257	Vilensky_B	1	Vilensky_B
287	Hatef_M	1	Hatef_M
286	Arthur_D	1	Arthur_D
258	Bandelt_H	1	Bandelt_H
3260	Bingenheimer_M	1	Bingenheimer_M
264	Dumais_S	1	Dumais_S
263	Zhengyou_X	1	Zhengyou_X
262	Brockman_W	1	Brockman_W
3261	Ngadi_A	1	Ngadi_A
3262	Heister_U	1	Heister_U
259	Athar_A	1	Athar_A
285	Littlestone_N	1	Littlestone_N
311	Vampiew_P	1	Vampiew_P
256	Francis_M	1	Francis_M
255	Lau_R	1	Lau_R
253	Tonkin_S	1	Tonkin_S
3264	Hauptmeier_H	1	Hauptmeier_H
251	Cerra_D	1	Cerra_D
3265	Xu_S	1	Xu_S
249	Plakias_S	1	Plakias_S
3258	Egea_E	1	Egea_E
267	Hughes_J	1	Hughes_J
268	King_M	1	King_M
288	Koskenniemi_I	1	Koskenniemi_I
312	Liu_Y	1	Liu_Y
294	Campbell_G	1	Campbell_G
3247	Way_T	1	Way_T
293	Holotyak_T	1	Holotyak_T
292	Penner_L	1	Penner_L
291	Conte_S	1	Conte_S
290	Larson_P	1	Larson_P
3255	Stevenson_M	1	Stevenson_M
307	Wellek_R	1	Wellek_R
309	Räihä_K	1	Räihä_K
248	Weier_D	1	Weier_D
319	Bates_E	1	Bates_E
326	Morimoto_T	1	Morimoto_T
324	Tirvengadum_V	1	Tirvengadum_V
313	Committee-on-Identifying-the-Needs-of-the-Forensic-Science-Community	1	Committee-on-Identifying-the-Needs-of-the-Forensic-Science-Community
3248	Roth_M	1	Roth_M
322	Crabb_P	1	Crabb_P
321	Lavrenko_V	1	Lavrenko_V
320	Gunetti_D	1	Gunetti_D
318	Udry_R	1	Udry_R
3250	Lord_J	1	Lord_J
317	Benson_J	1	Benson_J
316	Liao_Z	1	Liao_Z
315	Bernárdez_E	1	Bernárdez_E
3249	Webster_R	1	Webster_R
1231	Killourhy_K	1	Killourhy_K
3093	Ziolkowski_J	1	Ziolkowski_J
2996	Carroll_M	1	Carroll_M
684	Castellan_J	1	Castellan_J
3126	Blackwell_S	1	Blackwell_S
728	Hout_R	1	Hout_R
747	Geffroy_A	1	Geffroy_A
738	Amasyali_M	1	Amasyali_M
745	Moon_T	1	Moon_T
744	Baeza-Yates_R	1	Baeza-Yates_R
3119	Price_L	1	Price_L
3121	Northrup_M	1	Northrup_M
741	Silven_O	1	Silven_O
740	Nickell_J	1	Nickell_J
739	Kaina_J	1	Kaina_J
737	Lang_P	1	Lang_P
3124	Van-Mulken_M	1	Van-Mulken_M
736	Toth_A	1	Toth_A
735	Hartley_A	1	Hartley_A
3122	Kim_D	1	Kim_D
733	Martin_T	1	Martin_T
3123	DiMarco_C	1	DiMarco_C
731	Kim_S	1	Kim_S
730	Newman_E	1	Newman_E
708	Garcia-Dorado_J	1	Garcia-Dorado_J
707	Gore_A	1	Gore_A
706	Moore_A	1	Moore_A
709	Weisstein_E	1	Weisstein_E
710	Levin_S	1	Levin_S
3130	Nebeská_I	1	Nebeská_I
724	Pir_P	1	Pir_P
3075	Roberts_H	1	Roberts_H
3077	Chandramouli_R	1	Chandramouli_R
896	Barnes_D	1	Barnes_D
895	Ahonen-Myka_H	1	Ahonen-Myka_H
894	GÖRÜR_A	1	GÖRÜR_A
893	Gray_M	1	Gray_M
832	Kaza_S	1	Kaza_S
2614	Wolpert_D	1	Wolpert_D
830	Le-Khac_L	1	Le-Khac_L
717	Akila_M	1	Akila_M
723	Jian_Z	1	Jian_Z
712	Thomason_S	1	Thomason_S
722	Jain_R	1	Jain_R
721	Van-den-Berg_E	1	Van-den-Berg_E
720	Grundy_I	1	Grundy_I
719	Whelan_K	1	Whelan_K
718	Kataria_S	1	Kataria_S
3127	Craig_D	1	Craig_D
726	Naranan_S	1	Naranan_S
3129	Bahle_D	1	Bahle_D
714	Lopez_J	1	Lopez_J
713	Pickett_J	1	Pickett_J
677	Varshney_P	1	Varshney_P
683	Galescu_L	1	Galescu_L
900	Palkovskii_Y	1	Palkovskii_Y
682	Elman_J	1	Elman_J
3134	Larsson_S	1	Larsson_S
694	DeCarlo_E	1	DeCarlo_E
693	Schutze_H	1	Schutze_H
692	de-Graaff_R	1	de-Graaff_R
691	Walther_G	1	Walther_G
690	Llopis_F	1	Llopis_F
746	Verhagen_A	1	Verhagen_A
748	Worm_K	1	Worm_K
829	Yadav_S	1	Yadav_S
800	Goulain_J	1	Goulain_J
807	Sams_E	1	Sams_E
3100	Core_M	1	Core_M
805	Fox_B	1	Fox_B
3101	Chawla_M	1	Chawla_M
803	Keith_S	1	Keith_S
802	Denton_M	1	Denton_M
801	Mannila_H	1	Mannila_H
799	Chisholm_A	1	Chisholm_A
947	Groeben_N	1	Groeben_N
798	Beal_J	1	Beal_J
797	Lohr_U	1	Lohr_U
796	Resnik_P	1	Resnik_P
3102	Rose_H	1	Rose_H
696	Thacker_N	1	Thacker_N
3133	Lanham_R	1	Lanham_R
698	Riba-i-Civil_A	1	Riba-i-Civil_A
671	Wright_N	1	Wright_N
3137	Tripuraneni_N	1	Tripuraneni_N
680	Teng_G	1	Teng_G
679	Demir_N	1	Demir_N
678	Chater_N	1	Chater_N
676	Rem_M	1	Rem_M
705	Mitra_M	1	Mitra_M
3138	Deacon_T	1	Deacon_T
674	Stajner_S	1	Stajner_S
3139	Koomey_J	1	Koomey_J
3140	Benton_J	1	Benton_J
3141	Sherstinova_T	1	Sherstinova_T
699	Aubrey_W	1	Aubrey_W
669	Buie_E	1	Buie_E
3136	Wolfer_J	1	Wolfer_J
686	Davis_R	1	Davis_R
687	Sousa_R	1	Sousa_R
688	Thompson_J	1	Thompson_J
3131	Kranenburg_P	1	Kranenburg_P
703	Harper_D	1	Harper_D
702	Rawson_S	1	Rawson_S
3132	Abramavich_A	1	Abramavich_A
700	Ali_N	1	Ali_N
899	Purnell_E	1	Purnell_E
901	Schuetze_H	1	Schuetze_H
2994	Vitez_A	1	Vitez_A
916	Myers_I	1	Myers_I
839	Shtrikman_S	1	Shtrikman_S
3087	Klein_R	1	Klein_R
843	Lau_S	1	Lau_S
3086	Bohan_T	1	Bohan_T
3082	Goertzel_B	1	Goertzel_B
866	C.-Collobert	1	C.-Collobert
838	Blanch_A	1	Blanch_A
844	Jurafsky_D	1	Jurafsky_D
867	Solomon_D	1	Solomon_D
860	Kraus_K	1	Kraus_K
863	Carter_J	1	Carter_J
889	Lieberman-Aiden_E	1	Lieberman-Aiden_E
871	Tesitelová_M	1	Tesitelová_M
928	Tomokiyo_L	1	Tomokiyo_L
926	Shalhoub_G	1	Shalhoub_G
925	Kossuth_K	1	Kossuth_K
924	Saradha_R	1	Saradha_R
923	Altmann_E	1	Altmann_E
922	Han_E	1	Han_E
921	Layton_T	1	Layton_T
920	Sanjeev_A	1	Sanjeev_A
919	Abramson_N	1	Abramson_N
918	Hadjidj_R	1	Hadjidj_R
850	Henderson_J	1	Henderson_J
3092	Halavais_A	1	Halavais_A
840	Blair_D	1	Blair_D
848	Kilgarrif_A	1	Kilgarrif_A
3088	Belkin_R	1	Belkin_R
834	Bilange_E	1	Bilange_E
3091	Perifanos_K	1	Perifanos_K
835	Ranson_N	1	Ranson_N
846	Sansone_D	1	Sansone_D
852	Heintze_N	1	Heintze_N
854	Celata_C	1	Celata_C
3089	Saric_M	1	Saric_M
851	Ellis_C	1	Ellis_C
1716	Fraboni_B	1	Fraboni_B
836	Hsu_C	1	Hsu_C
3084	Poulin_C	1	Poulin_C
849	Pravia_M	1	Pravia_M
869	Power-Software	1	Power-Software
868	Vaithyanathan_S	1	Vaithyanathan_S
3085	Bamman_D	1	Bamman_D
837	Janakiraman_R	1	Janakiraman_R
3083	Lane_P	1	Lane_P
861	Almeida_V	1	Almeida_V
841	Sgroi_A	1	Sgroi_A
858	Katritzky_L	1	Katritzky_L
857	Vepstas_L	1	Vepstas_L
917	Denton_T	1	Denton_T
915	Webb_S	1	Webb_S
3074	Wilkerson_M	1	Wilkerson_M
914	Numberg_G	1	Numberg_G
886	Eiselt_A	1	Eiselt_A
885	Anand_S	1	Anand_S
3080	Coşkun_M	1	Coşkun_M
883	Padhye_J	1	Padhye_J
882	James_L	1	James_L
881	Fais_L	1	Fais_L
880	Malvern_J	1	Malvern_J
879	Johnson_M	1	Johnson_M
878	Caragea_C	1	Caragea_C
877	Bull_J	1	Bull_J
876	Spraycar_R	1	Spraycar_R
875	Hardt_D	1	Hardt_D
874	Glauch_S	1	Glauch_S
873	Rogers_R	1	Rogers_R
888	Prasad_R	1	Prasad_R
3079	Schaefer_E	1	Schaefer_E
908	Karnik_A	1	Karnik_A
891	Bond_C	1	Bond_C
907	Conrath_D	1	Conrath_D
906	Greenacre_M	1	Greenacre_M
905	Bowyer_K	1	Bowyer_K
904	Delany_S	1	Delany_S
903	Bauer_E	1	Bauer_E
887	Bartholmew_D	1	Bartholmew_D
831	Boreham_J	1	Boreham_J
872	Valencia_V	1	Valencia_V
941	Shriberg_E	1	Shriberg_E
3073	Bean_J	1	Bean_J
912	Huh_S	1	Huh_S
927	Kilzer_A	1	Kilzer_A
929	Stuckey_E	1	Stuckey_E
910	Schonwetter_M	1	Schonwetter_M
930	Morgan_J	1	Morgan_J
945	Barto_A	1	Barto_A
3069	Smith_A	1	Smith_A
943	De-Morgan_S	1	De-Morgan_S
942	Suárez_J	1	Suárez_J
3070	Bollen_J	1	Bollen_J
909	Phillips_C	1	Phillips_C
3071	Farnham_W	1	Farnham_W
938	Nevalainen_T	1	Nevalainen_T
937	Lazaraton_A	1	Lazaraton_A
936	Bidgood_J	1	Bidgood_J
3072	Tappert_C	1	Tappert_C
934	Cocke_J	1	Cocke_J
933	Young_E	1	Young_E
932	Orwant_J	1	Orwant_J
931	Abraham_A	1	Abraham_A
911	Hughes_A	1	Hughes_A
794	Mackay_T	1	Mackay_T
793	Maloney_R	1	Maloney_R
3103	Benedi_J	1	Benedi_J
1246	Ferrand_F	1	Ferrand_F
1138	Boldt_M	1	Boldt_M
1146	Doorn_P	1	Doorn_P
3011	Kasher_A	1	Kasher_A
1144	Peterson_D	1	Peterson_D
1143	Edson_J	1	Edson_J
1142	Kovashka_A	1	Kovashka_A
1141	Rentoumi_V	1	Rentoumi_V
1139	Herper_M	1	Herper_M
1198	Briggum_S	1	Briggum_S
1200	Burges_C	1	Burges_C
949	Meyer_P	1	Meyer_P
1201	Luettin_J	1	Luettin_J
1258	Yang_R	1	Yang_R
1257	Sanchez-Pol_M	1	Sanchez-Pol_M
1256	Ashton_S	1	Ashton_S
1255	Friedman_W	1	Friedman_W
1254	Wallhoff_F	1	Wallhoff_F
1253	Gabrielatos_C	1	Gabrielatos_C
1252	Jakobsson_M	1	Jakobsson_M
1251	Pelaez_M	1	Pelaez_M
1250	Martin_N	1	Martin_N
1249	Collberg_C	1	Collberg_C
2989	Holley_R	1	Holley_R
1147	Mala_T	1	Mala_T
1150	Novick_M	1	Novick_M
1151	Zhou_Z	1	Zhou_Z
1121	Vildjiounaite_E	1	Vildjiounaite_E
1131	Farhady_H	1	Farhady_H
1130	Gellerstam_M	1	Gellerstam_M
1129	Fowler_Y	1	Fowler_Y
1128	Li_Y	1	Li_Y
1127	Ling_J	1	Ling_J
1125	López_M	1	López_M
1136	Mori_S	1	Mori_S
3015	Wilson_A	1	Wilson_A
3016	Brown_J	1	Brown_J
3017	Alviar_J	1	Alviar_J
1119	Logan_H	1	Logan_H
1152	Waltman_F	1	Waltman_F
1118	Gasparov_M	1	Gasparov_M
1117	Felton_R	1	Felton_R
1135	Hartigan_R	1	Hartigan_R
1137	Franchini_E	1	Franchini_E
1157	Chall_J	1	Chall_J
1148	Amasyalı_M	1	Amasyalı_M
1156	Volansky_V	1	Volansky_V
3007	Tommasi_C	1	Tommasi_C
3008	Padmavathi_G	1	Padmavathi_G
3009	Juillard_M	1	Juillard_M
2990	Van-Everbroeck_E	1	Van-Everbroeck_E
1245	Brannan_R	1	Brannan_R
3099	Ramsland_M	1	Ramsland_M
1244	Crane_G	1	Crane_G
1217	Stoler_A	1	Stoler_A
1216	Matas_J	1	Matas_J
1215	Torjas_B	1	Torjas_B
1214	Opas-Hanninen_L	1	Opas-Hanninen_L
1213	Webby_E	1	Webby_E
1212	Rogov_A	1	Rogov_A
3000	Kelih_E	1	Kelih_E
1209	Quan_S	1	Quan_S
1219	Willett_P	1	Willett_P
1208	Giot_R	1	Giot_R
1207	Huber_P	1	Huber_P
1206	O'Brien_C	1	O'Brien_C
1205	Zhao_X	1	Zhao_X
1204	Warmuth_M	1	Warmuth_M
3001	Sanford_A	1	Sanford_A
1202	Karypis_G	1	Karypis_G
1218	Sibun_P	1	Sibun_P
1220	Olejarski_A	1	Olejarski_A
2992	Pietra_S	1	Pietra_S
2997	Goodman_F	1	Goodman_F
1237	Breure_L	1	Breure_L
2993	Nagase_M	1	Nagase_M
1235	Rajlich_V	1	Rajlich_V
1210	Ilsemann_H	1	Ilsemann_H
1239	Pullum_G	1	Pullum_G
1240	Si_A	1	Si_A
1274	Cho_J	1	Cho_J
1243	Bouverot_D	1	Bouverot_D
1242	Kotzé_E	1	Kotzé_E
2988	Nix_A	1	Nix_A
1260	Sismondo_S	1	Sismondo_S
1261	Jebur_H	1	Jebur_H
1271	Oliveira_O	1	Oliveira_O
1278	Green_T	1	Green_T
2983	Rowe_N	1	Rowe_N
2984	Martínez-Trinidad_J	1	Martínez-Trinidad_J
1275	Day_J	1	Day_J
1273	Lutoslawski_W	1	Lutoslawski_W
2991	Lee_W	1	Lee_W
1272	Hosoya_M	1	Hosoya_M
1270	Sciences_P	1	Sciences_P
1262	Oakley_R	1	Oakley_R
1269	Bissell_A	1	Bissell_A
1268	Thirkell_L	1	Thirkell_L
2985	Ponte_J	1	Ponte_J
1266	Hausermann_C	1	Hausermann_C
1265	Kjellmer_G	1	Kjellmer_G
1264	Belak_B	1	Belak_B
1263	Sekula_G	1	Sekula_G
1133	Jo_Y	1	Jo_Y
1134	Stigler_S	1	Stigler_S
3014	Westcott_S	1	Westcott_S
1158	Oberson_P	1	Oberson_P
763	Ariba_B	1	Ariba_B
762	Keune_K	1	Keune_K
761	Avello_D	1	Avello_D
760	Manasse_M	1	Manasse_M
757	Krakauer_D	1	Krakauer_D
788	Castro_D	1	Castro_D
756	Montoliu_R	1	Montoliu_R
755	Greetham_D	1	Greetham_D
3116	Pino_C	1	Pino_C
3118	Houvardas_J	1	Houvardas_J
752	Cohen_W	1	Cohen_W
751	Wujastyk_D	1	Wujastyk_D
750	Vonfelt_S	1	Vonfelt_S
767	Siersdorfer_S	1	Siersdorfer_S
3113	Brin_S	1	Brin_S
769	Overly_J	1	Overly_J
770	Shearer_B	1	Shearer_B
3104	Zahedi_M	1	Zahedi_M
786	Damon_B	1	Damon_B
784	Pan_Y	1	Pan_Y
3106	Feher_C	1	Feher_C
3107	Filoche_P	1	Filoche_P
781	Moskovich_W	1	Moskovich_W
764	Rieger_B	1	Rieger_B
765	Zolotykh_N	1	Zolotykh_N
766	Grimm_C	1	Grimm_C
3096	others	1	others
809	Kushmerick_N	1	Kushmerick_N
749	Mantyjarvi_J	1	Mantyjarvi_J
819	Grootjen_F	1	Grootjen_F
828	Zweig_G	1	Zweig_G
827	Adame_Y	1	Adame_Y
825	Lord_R	1	Lord_R
824	Ladefoged_P	1	Ladefoged_P
823	Radman-Pesa_A	1	Radman-Pesa_A
822	Hamilton_T	1	Hamilton_T
820	Boonstra_O	1	Boonstra_O
810	Garcia_A	1	Garcia_A
3114	Raghavan_V	1	Raghavan_V
817	Rohatgi_P	1	Rohatgi_P
816	Pearson_J	1	Pearson_J
815	Koval_O	1	Koval_O
814	Francis_I	1	Francis_I
813	Matlach_V	1	Matlach_V
3097	Malesky_L	1	Malesky_L
811	Bolton_H	1	Bolton_H
791	Naim_A	1	Naim_A
790	Gray_C	1	Gray_C
789	Toussaint_G	1	Toussaint_G
3108	Rich_E	1	Rich_E
3110	Leass_H	1	Leass_H
777	Gipp_B	1	Gipp_B
1191	Klarreich_E	1	Klarreich_E
1178	Dale_N	1	Dale_N
1179	Pasanek_B	1	Pasanek_B
1180	McCord_M	1	McCord_M
1190	Fornaciari_T	1	Fornaciari_T
1197	Huang_T	1	Huang_T
1196	Matsumoto_Y	1	Matsumoto_Y
3002	Smyth_L	1	Smyth_L
1194	Ohman_R	1	Ohman_R
1193	Dreher_J	1	Dreher_J
1192	Day_D	1	Day_D
1189	Lincoll_D	1	Lincoll_D
1162	Kondratov_A	1	Kondratov_A
1181	Liu_G	1	Liu_G
1188	Kouji_T	1	Kouji_T
1187	Sussex_L	1	Sussex_L
1186	Ali_K	1	Ali_K
3003	Cheng_N	1	Cheng_N
1184	The-Google-Books-Team	1	The-Google-Books-Team
1183	Stevens_K	1	Stevens_K
1182	Dierks_K	1	Dierks_K
3006	Leach_S	1	Leach_S
1159	Gish_W	1	Gish_W
1161	Diana_G	1	Diana_G
1163	Hsiao_M	1	Hsiao_M
3111	Dinu_A	1	Dinu_A
1176	McKinnon_A	1	McKinnon_A
775	Dilligan_R	1	Dilligan_R
3112	Hu_Q	1	Hu_Q
773	Cassirer_P	1	Cassirer_P
772	Bruno_A	1	Bruno_A
771	Czellar_J	1	Czellar_J
946	Riddle_E	1	Riddle_E
968	Rodríguez_H	1	Rodríguez_H
948	Ablali_D	1	Ablali_D
1199	Harris_R	1	Harris_R
1177	Lodder_J	1	Lodder_J
3004	Ho_Y	1	Ho_Y
3005	Abbot_D	1	Abbot_D
1174	Urvoy_T	1	Urvoy_T
1173	Lin_C	1	Lin_C
1172	Sutinen_E	1	Sutinen_E
1171	Salkie_R	1	Salkie_R
1170	Stinson_D	1	Stinson_D
1169	Dunn_O	1	Dunn_O
1168	Grayston_K	1	Grayston_K
1167	Newman_M	1	Newman_M
1166	Beaudouin_V	1	Beaudouin_V
1165	Kubler_S	1	Kubler_S
135	Ali_H	1	Ali_H
3333	Muresan_S	1	Muresan_S
143	Clark_J	1	Clark_J
1312	Watson_G	1	Watson_G
1578	Bartlow_N	1	Bartlow_N
2909	Frantzi_K	1	Frantzi_K
1582	Fishburne_R	1	Fishburne_R
1583	N/A	1	N/A
2908	Murray_G	1	Murray_G
1585	Benevenuto_F	1	Benevenuto_F
1586	Morse-Gagné_E	1	Morse-Gagné_E
1587	Granitzer_M	1	Granitzer_M
1580	Polanyi_L	1	Polanyi_L
2949	Moxey_L	1	Moxey_L
1527	Li_H	1	Li_H
1525	Tetreault_J	1	Tetreault_J
2941	Coniam_D	1	Coniam_D
1469	Drexler_K	1	Drexler_K
1470	Masip_J	1	Masip_J
1471	O'Donnell_M	1	O'Donnell_M
1472	Garcia_S	1	Garcia_S
1473	Reutemann_P	1	Reutemann_P
2940	McCabe_T	1	McCabe_T
1467	Gephart_R	1	Gephart_R
2939	Sutton_R	1	Sutton_R
1477	Lange_K	1	Lange_K
1478	Terekhira_A	1	Terekhira_A
1589	Ashley_L	1	Ashley_L
1577	Dooley_J	1	Dooley_J
1576	Voloshynovskiy_S	1	Voloshynovskiy_S
1604	Marmarinou-Politou_E	1	Marmarinou-Politou_E
1594	Homant_R	1	Homant_R
1595	Janičić_P	1	Janičić_P
1596	Wakao_T	1	Wakao_T
1597	Mangasarian_O	1	Mangasarian_O
1598	Pernice_K	1	Pernice_K
1591	Guvenir_H	1	Guvenir_H
2906	Barnbrook_G	1	Barnbrook_G
1601	van-Hout_R	1	van-Hout_R
1602	Hanbury_A	1	Hanbury_A
1603	Soldatova_L	1	Soldatova_L
1605	Hall_L	1	Hall_L
1575	Philippsen_M	1	Philippsen_M
1606	Yearwood_J	1	Yearwood_J
2904	Swerts_M	1	Swerts_M
1600	Kivinen_J	1	Kivinen_J
1569	Hinskens_F	1	Hinskens_F
1590	Decary_M	1	Decary_M
1588	Kaser_O	1	Kaser_O
1571	Wu_N	1	Wu_N
1572	Manganaro_L	1	Manganaro_L
2911	Tomkins_A	1	Tomkins_A
1574	Richmond_K	1	Richmond_K
1479	Makela_S	1	Makela_S
2937	van-Driel_J	1	van-Driel_J
1481	Kekalainen_J	1	Kekalainen_J
1519	Johnson_A	1	Johnson_A
1509	Roberts_T	1	Roberts_T
1510	Erukhimov_V	1	Erukhimov_V
1511	Korybski_T	1	Korybski_T
1512	Calvert_H	1	Calvert_H
1513	van-Andel_L	1	van-Andel_L
1514	Zeller_T	1	Zeller_T
1507	Goldgar_B	1	Goldgar_B
1515	Cooper_J	1	Cooper_J
2925	Villaseñor_L	1	Villaseñor_L
1518	Ericsson_S	1	Ericsson_S
1520	Van-Vaerengbergh_L	1	Van-Vaerengbergh_L
2935	Chatfield_C	1	Chatfield_C
1521	Lee_T	1	Lee_T
1522	Ben-Musa_M	1	Ben-Musa_M
1523	Pérez_M	1	Pérez_M
1516	Wong_M	1	Wong_M
1486	New_M	1	New_M
2926	Kolmogorov_A	1	Kolmogorov_A
2928	Canter_D	1	Canter_D
1488	Savoy_J	1	Savoy_J
1489	Care_M	1	Care_M
1490	Kahn_D	1	Kahn_D
1508	Philips_A	1	Philips_A
2936	Howland_P	1	Howland_P
1482	Heckerman_D	1	Heckerman_D
1453	Mohan_A	1	Mohan_A
1483	Rincher_A	1	Rincher_A
2938	Simmons_R	1	Simmons_R
1484	Cleave_J	1	Cleave_J
2942	Cha_M	1	Cha_M
1464	Ephratt_M	1	Ephratt_M
1447	Follett_B	1	Follett_B
1448	Crestani_F	1	Crestani_F
1449	Shapero_J	1	Shapero_J
1450	Van-Gijsel_S	1	Van-Gijsel_S
1451	Bleha_S	1	Bleha_S
1454	Marusenko_M	1	Marusenko_M
2922	Clemit_P	1	Clemit_P
1465	Lindsay_J	1	Lindsay_J
1455	Dalbhanjan_R	1	Dalbhanjan_R
1457	Coutinho_B	1	Coutinho_B
1458	Gellatly_A	1	Gellatly_A
1459	Hansen_J	1	Hansen_J
1460	Dahmen_S	1	Dahmen_S
1461	Thompson_R	1	Thompson_R
1462	McCoy_K	1	McCoy_K
1463	Jones_L	1	Jones_L
2944	Broeders_A	1	Broeders_A
2907	Wennberg_V	1	Wennberg_V
1592	Vanhoutte_E	1	Vanhoutte_E
1570	Menicucci_J	1	Menicucci_J
1360	Donkin_A	1	Donkin_A
1350	Yoon_A	1	Yoon_A
1351	Kincaid_J	1	Kincaid_J
1352	Klijn_E	1	Klijn_E
1344	Turney_P	1	Turney_P
2964	Kolcz_A	1	Kolcz_A
1355	Miller_E	1	Miller_E
1356	Brinegar_C	1	Brinegar_C
2963	Ghanem_N	1	Ghanem_N
1358	Balding_D	1	Balding_D
1359	Boomsma_D	1	Boomsma_D
1361	Busa_R	1	Busa_R
1347	Arwin_C	1	Arwin_C
1354	Roe_G	1	Roe_G
2975	Kim_Y	1	Kim_Y
1343	Boberg_C	1	Boberg_C
1341	Siderov_Y	1	Siderov_Y
1324	Klimt_B	1	Klimt_B
1325	Watts_B	1	Watts_B
1326	Smith_T	1	Smith_T
1327	Tribble_C	1	Tribble_C
2973	Clark_W	1	Clark_W
1329	Lynam_T	1	Lynam_T
1348	Jones_R	1	Jones_R
2966	Werner_T	1	Werner_T
1342	Freedman_J	1	Freedman_J
2980	Weber_F	1	Weber_F
1301	Irwin_J	1	Irwin_J
2978	Hathout_N	1	Hathout_N
2981	Wayman_J	1	Wayman_J
1284	Merkl_D	1	Merkl_D
1285	Myaeng_S	1	Myaeng_S
1286	Devereux_Z	1	Devereux_Z
1287	Hoiberg_D	1	Hoiberg_D
1288	Grier_S	1	Grier_S
1289	Chiueh_T	1	Chiueh_T
2977	Weeber_S	1	Weeber_S
1292	The-Freehaven-Project	1	The-Freehaven-Project
1345	Francis_B	1	Francis_B
1293	Dubnov_S	1	Dubnov_S
2979	Hoenen_A	1	Hoenen_A
1295	Bosch_R	1	Bosch_R
1296	Hänlein_H	1	Hänlein_H
1297	Oh_J	1	Oh_J
1298	López-Escobedo_F	1	López-Escobedo_F
1291	Dunlap_L	1	Dunlap_L
1363	Kahn_C	1	Kahn_C
1321	L.-Brisson	1	L.-Brisson
2974	Sivia_D	1	Sivia_D
1330	Traore_I	1	Traore_I
1331	Ebrahimpour_M	1	Ebrahimpour_M
1568	Rabinowitz_H	1	Rabinowitz_H
2920	Alford_M	1	Alford_M
1559	Lange_R	1	Lange_R
2912	Forestier_G	1	Forestier_G
1549	Fyshe_A	1	Fyshe_A
1547	Craig_M	1	Craig_M
1529	Browne_W	1	Browne_W
1530	Mishne_G	1	Mishne_G
1531	Wilkerson_D	1	Wilkerson_D
1532	Fellows_L	1	Fellows_L
1533	Ellis_F	1	Ellis_F
1534	Jarvelin_K	1	Jarvelin_K
1548	Brown_G	1	Brown_G
2913	Ledoux_C	1	Ledoux_C
2919	Solórzano-Soto_J	1	Solórzano-Soto_J
2918	Arlitt_M	1	Arlitt_M
1540	Suneetha_K	1	Suneetha_K
1541	D'Souza_D	1	D'Souza_D
1542	Loh_N	1	Loh_N
1543	Varela_P	1	Varela_P
1544	West_R	1	West_R
1545	Damerau_F	1	Damerau_F
1537	Dominguez_I	1	Dominguez_I
2921	Papapetrou_P	1	Papapetrou_P
1566	Neill_J	1	Neill_J
1564	Meyer_D	1	Meyer_D
1333	Vingrys_A	1	Vingrys_A
1551	Millican_J	1	Millican_J
1334	Kacmarcik_G	1	Kacmarcik_G
1336	Trebbi_F	1	Trebbi_F
2970	Tuffin_P	1	Tuffin_P
1338	Hasan_R	1	Hasan_R
2968	Sussman_G	1	Sussman_G
2967	Ross_S	1	Ross_S
1332	Gohl_C	1	Gohl_C
1609	Nowak_M	1	Nowak_M
1444	Mei_Q	1	Mei_Q
1446	Cristani_M	1	Cristani_M
1552	Oh_A	1	Oh_A
1563	Moon_S	1	Moon_S
1553	Truong_N	1	Truong_N
1554	Thomson_N	1	Thomson_N
1555	Barsky_M	1	Barsky_M
1556	Ennis_L	1	Ennis_L
1557	Winkel_T	1	Winkel_T
1550	Huff_D	1	Huff_D
2915	Coppers-Ide_H	1	Coppers-Ide_H
1560	McKee_G	1	McKee_G
1561	Dolnick_E	1	Dolnick_E
2914	Zheng_N	1	Zheng_N
2934	Sierra_G	1	Sierra_G
2933	Rodriguez_Y	1	Rodriguez_Y
2932	Beaugrande_R	1	Beaugrande_R
2346	Murthi_M	1	Murthi_M
2690	Baker_J	1	Baker_J
2323	Davison_B	1	Davison_B
2704	Pirabu_B	1	Pirabu_B
2347	Ding_H	1	Ding_H
2697	Peersman_C	1	Peersman_C
2349	Stys_M	1	Stys_M
2350	Tam_J	1	Tam_J
2351	Kullback_S	1	Kullback_S
2695	Ide_N	1	Ide_N
2353	Navarro_F	1	Navarro_F
2694	Felten_E	1	Felten_E
2300	Nosofsky_R	1	Nosofsky_R
2692	Clancy_D	1	Clancy_D
2691	Crombez_T	1	Crombez_T
2358	Bransford_J	1	Bransford_J
2359	Strooper_P	1	Strooper_P
2360	Bryant_L	1	Bryant_L
2361	Maxwell_J	1	Maxwell_J
2362	Draux_R	1	Draux_R
2355	Young-Xu_Y	1	Young-Xu_Y
2324	Walenstein_A	1	Walenstein_A
2345	Surdulescu_R	1	Surdulescu_R
2293	Wegmuller_M	1	Wegmuller_M
2710	Kok_J	1	Kok_J
2326	Cervera_A	1	Cervera_A
2284	Blumenthal_W	1	Blumenthal_W
2317	Maloof_M	1	Maloof_M
2318	Spinellis_D	1	Spinellis_D
2319	Dister_A	1	Dister_A
2320	Isaacs_G	1	Isaacs_G
2321	Smith_C	1	Smith_C
2313	Kessler_B	1	Kessler_B
2322	Crain_C	1	Crain_C
2303	Ormsby_J	1	Ormsby_J
2301	Tan_L	1	Tan_L
2283	Myhill_J	1	Myhill_J
2715	Hulle_D	1	Hulle_D
2711	Schlör_D	1	Schlör_D
2286	Gokhman_S	1	Gokhman_S
2288	MCabe_G	1	MCabe_G
2289	Ioppolo_G	1	Ioppolo_G
2291	Schaeffer_D	1	Schaeffer_D
2709	Thomo_A	1	Thomo_A
2292	Utvic_M	1	Utvic_M
2294	Beel_J	1	Beel_J
2712	Barboun_L	1	Barboun_L
2296	Dalli_A	1	Dalli_A
2297	Khan_S	1	Khan_S
2343	Lay_T	1	Lay_T
2327	Bandyopadhyay_S	1	Bandyopadhyay_S
2707	Houk_C	1	Houk_C
2548	Carmona_J	1	Carmona_J
2636	Harding_T	1	Harding_T
2563	Purves_A	1	Purves_A
2635	Carrasco-Ochoa_J	1	Carrasco-Ochoa_J
2634	Aristotle	1	Aristotle
2566	Egan_M	1	Egan_M
2633	Paisley_W	1	Paisley_W
2632	Casarez_A	1	Casarez_A
2561	Maletic_J	1	Maletic_J
2631	Hopfield_J	1	Hopfield_J
2550	Sabordo_M	1	Sabordo_M
2531	King_L	1	King_L
2551	Schmidt_A	1	Schmidt_A
2532	Zuckert_M	1	Zuckert_M
2533	van-der-Maaten_L	1	van-der-Maaten_L
2534	O'Halloran_K	1	O'Halloran_K
2535	Graesser_E	1	Graesser_E
2536	Pustylnikov_O	1	Pustylnikov_O
2537	Hanus_P	1	Hanus_P
2549	Xunfeng_X	1	Xunfeng_X
2538	Thaper_N	1	Thaper_N
2540	Abari_K	1	Abari_K
2542	Longuski_J	1	Longuski_J
2560	Dobranski_S	1	Dobranski_S
2637	Bennett_P	1	Bennett_P
2328	Naumann_S	1	Naumann_S
2340	Hantrais_L	1	Hantrais_L
2702	Motter_A	1	Motter_A
2330	Cox_C	1	Cox_C
2331	Committee-on-Science_E	1	Committee-on-Science_E
2332	Coupland_N	1	Coupland_N
2700	Payne_C	1	Payne_C
2333	Hoy_C	1	Hoy_C
2335	Ardat_A	1	Ardat_A
2336	Semple_J	1	Semple_J
2338	Vincent_P	1	Vincent_P
2339	Karsdorp_F	1	Karsdorp_F
2341	de-Morgan_A	1	de-Morgan_A
2638	Murphy_A	1	Murphy_A
2342	Sposato_P	1	Sposato_P
2334	De-Roeck_A	1	De-Roeck_A
2282	Dennis_S	1	Dennis_S
2658	Karim_M	1	Karim_M
2448	Alemozafar_A	1	Alemozafar_A
2552	Mansell_D	1	Mansell_D
2554	Goldberg_P	1	Goldberg_P
2639	Ehmoda_O	1	Ehmoda_O
2556	Elson_D	1	Elson_D
2557	Newman_N	1	Newman_N
2705	MacLeod_N	1	MacLeod_N
2708	Kirk_J	1	Kirk_J
1494	Klaussner_C	1	Klaussner_C
2686	Crerar_M	1	Crerar_M
2401	Berry-Rogghe_G	1	Berry-Rogghe_G
2675	Katz_T	1	Katz_T
2403	Gravetter_F	1	Gravetter_F
2396	Rickards_D	1	Rickards_D
2404	Ganascia_J	1	Ganascia_J
2385	Dubrocard_M	1	Dubrocard_M
2383	Lodhi_H	1	Lodhi_H
2367	Colas_F	1	Colas_F
2368	Sampson_G	1	Sampson_G
2369	Tortora_G	1	Tortora_G
2685	Pfahringer_B	1	Pfahringer_B
2679	Demuth_H	1	Demuth_H
2372	Fan_L	1	Fan_L
2373	Rasmussen_C	1	Rasmussen_C
2384	Rains_S	1	Rains_S
2374	Lei_P	1	Lei_P
2376	Kazuhide_Y	1	Kazuhide_Y
2684	Lee_Y	1	Lee_Y
2378	Carbonell_J	1	Carbonell_J
2379	Weng_S	1	Weng_S
2380	Kustikova_V	1	Kustikova_V
2381	Trotman_A	1	Trotman_A
2676	Paschoud_F	1	Paschoud_F
2398	Grafton_A	1	Grafton_A
2375	Eiichiro_S	1	Eiichiro_S
1943	Dress_A	1	Dress_A
1505	Lundh_T	1	Lundh_T
1495	Chaudhuri_P	1	Chaudhuri_P
1497	Bateman_J	1	Bateman_J
1498	Antosch_F	1	Antosch_F
2930	Barrón-Cedeño_A	1	Barrón-Cedeño_A
1500	Hubert_J	1	Hubert_J
1501	Best_K	1	Best_K
2929	Fajtlowicz_S	1	Fajtlowicz_S
1503	Croghan_R	1	Croghan_R
2931	Jiang_Y	1	Jiang_Y
1944	Kelly_C	1	Kelly_C
2397	Lu_Z	1	Lu_Z
1945	Snow_G	1	Snow_G
2682	Meyer-zu-Eissen_S	1	Meyer-zu-Eissen_S
2389	Bannerjee_A	1	Bannerjee_A
2390	Bohm_C	1	Bohm_C
2391	Tran_N	1	Tran_N
2392	Moskovitch_R	1	Moskovitch_R
2393	Lieber_R	1	Lieber_R
2680	Hunter_D	1	Hunter_D
2683	Jezequel_J	1	Jezequel_J
2395	Bennett_C	1	Bennett_C
2382	Heydel_M	1	Heydel_M
2687	Plunkett_K	1	Plunkett_K
2304	Taylor_L	1	Taylor_L
2668	Undeutch_U	1	Undeutch_U
2413	Weitzman_M	1	Weitzman_M
2414	Swadesh_M	1	Swadesh_M
2425	Adams_A	1	Adams_A
2415	Koppen_M	1	Koppen_M
2417	Morales_R	1	Morales_R
2418	Waterman_M	1	Waterman_M
2419	Quirk_R	1	Quirk_R
2420	Middleton_D	1	Middleton_D
2421	Byrne_E	1	Byrne_E
2422	A.-Balansard	1	A.-Balansard
2669	Rupp_C	1	Rupp_C
2411	Benzécri_J	1	Benzécri_J
2659	Fink_P	1	Fink_P
2689	Alphonse_E	1	Alphonse_E
2363	Davenport_N	1	Davenport_N
2305	Sitthi-Amorn_C	1	Sitthi-Amorn_C
2306	Nieto_V	1	Nieto_V
2307	Yien_H	1	Yien_H
2308	Sehl_M	1	Sehl_M
2309	Tomasic_A	1	Tomasic_A
2310	Sporleder_C	1	Sporleder_C
2311	Elovici_Y	1	Elovici_Y
2670	Borgman_C	1	Borgman_C
2410	Sawada_K	1	Sawada_K
2405	Alexandersson_J	1	Alexandersson_J
2663	Rothstein_I	1	Rothstein_I
2671	Gerwig_G	1	Gerwig_G
2428	Reinhart_T	1	Reinhart_T
2429	Stapel_R	1	Stapel_R
2430	Verdonk_P	1	Verdonk_P
2431	Wallace_L	1	Wallace_L
2432	Agatucci_C	1	Agatucci_C
2666	Baillie_W	1	Baillie_W
2434	Weikum_G	1	Weikum_G
2667	Holland_J	1	Holland_J
2665	Rocha_A	1	Rocha_A
2662	Lushkov_A	1	Lushkov_A
2409	Fletcher_P	1	Fletcher_P
2440	Plaza_E	1	Plaza_E
2441	Fujinaga_I	1	Fujinaga_I
2442	Tianfang_Y	1	Tianfang_Y
2660	Taylor_G	1	Taylor_G
2444	Skilling_J	1	Skilling_J
2437	Webb_D	1	Webb_D
2672	Kramsky_J	1	Kramsky_J
2426	Hettinger_L	1	Hettinger_L
2424	Whale_G	1	Whale_G
2408	Lee_H	1	Lee_H
1320	Okada_Y	1	Okada_Y
1319	Bernet_C	1	Bernet_C
132	Lami_I	1	Lami_I
1318	Kittler_J	1	Kittler_J
1687	Del-Lungo_A	1	Del-Lungo_A
1688	Bouchard_T	1	Bouchard_T
1689	McKeown_K	1	McKeown_K
1690	Rowland_J	1	Rowland_J
1691	Liakata_M	1	Liakata_M
1684	Mehndiratta_P	1	Mehndiratta_P
1653	Huang_Z	1	Huang_Z
1674	Chu_M	1	Chu_M
1672	Andrukovich_P	1	Andrukovich_P
1655	Wiles_S	1	Wiles_S
1656	Sacks-Davis_R	1	Sacks-Davis_R
1657	Hashin_Z	1	Hashin_Z
2893	Korukhov_Y	1	Korukhov_Y
1659	Honaker_R	1	Honaker_R
2892	Storey_K	1	Storey_K
1661	McKenzie_J	1	McKenzie_J
1673	Pang_B	1	Pang_B
1662	Lancaster_T	1	Lancaster_T
1665	Blandón-Gitlin_I	1	Blandón-Gitlin_I
3332	Dodick_J	1	Dodick_J
1667	Herrmann_J	1	Herrmann_J
2889	Dunn_E	1	Dunn_E
1669	Veenman_C	1	Veenman_C
1686	Altschul_S	1	Altschul_S
1685	Ketchell_M	1	Ketchell_M
1683	Sandell_N	1	Sandell_N
1629	Poessio_M	1	Poessio_M
1618	Blatt_B	1	Blatt_B
1619	Bian_W	1	Bian_W
1631	Read_J	1	Read_J
1620	Taromi_K	1	Taromi_K
1623	Rosenbaum_R	1	Rosenbaum_R
2900	Madhaven_C	1	Madhaven_C
1625	Baets_B	1	Baets_B
1626	Marchi_A	1	Marchi_A
2899	Chmielik_J	1	Chmielik_J
1628	Hu_X	1	Hu_X
2901	Sokal_R	1	Sokal_R
1675	Van-den-Bosch_A	1	Van-den-Bosch_A
2887	Chiles_J	1	Chiles_J
2896	Aslanturk_O	1	Aslanturk_O
2894	Larson_W	1	Larson_W
1676	Lanke_J	1	Lanke_J
1677	Herlihy_M	1	Herlihy_M
1678	Byars_H	1	Byars_H
1679	Kriegel_H	1	Kriegel_H
2888	Webb_L	1	Webb_L
1681	Barclay_J	1	Barclay_J
1682	Cortina-Borja_M	1	Cortina-Borja_M
1670	Cortelazzo_M	1	Cortelazzo_M
1671	Koiller_J	1	Koiller_J
2890	Keyser_P	1	Keyser_P
1877	Nelson_D	1	Nelson_D
1867	Holzman_M	1	Holzman_M
2832	Slaughter_S	1	Slaughter_S
2831	Poshyachinda_V	1	Poshyachinda_V
2830	Frawley_W	1	Frawley_W
1870	Duin_R	1	Duin_R
1872	Nenadić_O	1	Nenadić_O
1873	Jarvis_S	1	Jarvis_S
1874	Barry_R	1	Barry_R
1875	Singhal_A	1	Singhal_A
1876	van-Dalen‐Oskam_K	1	van-Dalen‐Oskam_K
1878	Mezaour_A	1	Mezaour_A
1865	Hausser_R	1	Hausser_R
1871	Michaelson_G	1	Michaelson_G
1862	Overdorf_R	1	Overdorf_R
1902	Corral_A	1	Corral_A
1904	Pollard_C	1	Pollard_C
1925	Denaux_A	1	Denaux_A
1926	Noecker-Jr._J	1	Noecker-Jr._J
2818	Détrie_C	1	Détrie_C
1928	Erdman_D	1	Erdman_D
1929	Omar_S	1	Omar_S
1930	Landon_G	1	Landon_G
1866	Schall_S	1	Schall_S
2833	El-Yaniv_R	1	El-Yaniv_R
1612	Glaudes_P	1	Glaudes_P
1891	Chow_Y	1	Chow_Y
1776	Bailey_B	1	Bailey_B
2865	Mooney_R	1	Mooney_R
1884	Rosenthal_J	1	Rosenthal_J
1885	Laxer_C	1	Laxer_C
2826	Anh_V	1	Anh_V
1887	Rosch_E	1	Rosch_E
1888	McGue_M	1	McGue_M
1889	Roberts_L	1	Roberts_L
1890	Manzar_H	1	Manzar_H
2827	Schuster_H	1	Schuster_H
2825	Monière_D	1	Monière_D
1863	Connolly_D	1	Connolly_D
1894	Hung_J	1	Hung_J
1895	Rogers_M	1	Rogers_M
1896	Bozkurt_I	1	Bozkurt_I
1897	Hayes_C	1	Hayes_C
1898	Snell_E	1	Snell_E
1900	Médard_M	1	Médard_M
1892	Schmeiser_B	1	Schmeiser_B
1901	Wells_B	1	Wells_B
1882	Bolz_N	1	Bolz_N
1879	Barbaro_M	1	Barbaro_M
1617	Khalaf_W	1	Khalaf_W
1616	Wood_M	1	Wood_M
1615	Blackith_R	1	Blackith_R
1695	Chen_Y	1	Chen_Y
1713	Kirschnick_N	1	Kirschnick_N
1703	Tranter_S	1	Tranter_S
1705	Wigler_S	1	Wigler_S
1706	Buch_K	1	Buch_K
2886	Brandt_S	1	Brandt_S
2885	Simonsen_J	1	Simonsen_J
2884	Eisenstein_E	1	Eisenstein_E
2883	Richards_B	1	Richards_B
2882	Mann_H	1	Mann_H
1704	Tseng_C	1	Tseng_C
1733	Walters_P	1	Walters_P
1701	English_C	1	English_C
2877	Westley_R	1	Westley_R
1759	Shin_E	1	Shin_E
2868	Archer_J	1	Archer_J
1761	Mustafic_T	1	Mustafic_T
1762	Stratil_M	1	Stratil_M
1763	Li_L	1	Li_L
2867	Tukey_J	1	Tukey_J
1765	Sankey_M	1	Sankey_M
1758	Owen_M	1	Owen_M
1766	Ersan_E	1	Ersan_E
1702	Knopp_J	1	Knopp_J
1700	Elenbogen_B	1	Elenbogen_B
1769	Baggili_I	1	Baggili_I
2879	Reibman_A	1	Reibman_A
1717	Sadoun_B	1	Sadoun_B
1718	Zaenen_A	1	Zaenen_A
1719	Bar-Lev_Z	1	Bar-Lev_Z
1720	Rissanen_J	1	Rissanen_J
1721	Soboroff_I	1	Soboroff_I
1722	Kintsch_W	1	Kintsch_W
2881	Spink_A	1	Spink_A
2880	Tuldava_J	1	Tuldava_J
1725	Polovinkin_A	1	Polovinkin_A
1726	Li_Z	1	Li_Z
1728	Iyer_K	1	Iyer_K
1699	Doherty-Sneddon_G	1	Doherty-Sneddon_G
1729	Levy_D	1	Levy_D
1730	Harman_D	1	Harman_D
1731	Sezer_E	1	Sezer_E
1724	Hahn_G	1	Hahn_G
2878	Roossin_P	1	Roossin_P
1714	Demmen_J	1	Demmen_J
1712	Aichele_D	1	Aichele_D
1696	Egan_G	1	Egan_G
1697	Lavallée_J	1	Lavallée_J
1698	Paku_G	1	Paku_G
1768	Birch_D	1	Birch_D
1770	Noecker-Jr_J	1	Noecker-Jr_J
1614	Amrani_A	1	Amrani_A
1643	Jardino_M	1	Jardino_M
1692	Bissell_D	1	Bissell_D
1634	Nagashima_T	1	Nagashima_T
1635	Belkhouche_B	1	Belkhouche_B
1636	Gold_E	1	Gold_E
1637	Ranola_J	1	Ranola_J
1638	Ball_J	1	Ball_J
1639	Gustavsson_S	1	Gustavsson_S
1640	Berger_H	1	Berger_H
1633	Havanur_S	1	Havanur_S
1641	Clark_T	1	Clark_T
1644	Medori_J	1	Medori_J
1775	Owen_A	1	Owen_A
1645	Kupiec_J	1	Kupiec_J
1647	Sumita_E	1	Sumita_E
1648	Xue_G	1	Xue_G
1649	Henderson_L	1	Henderson_L
1650	Albaladejo_T	1	Albaladejo_T
2898	Loue_S	1	Loue_S
1651	Johnstone_D	1	Johnstone_D
1632	Inches_G	1	Inches_G
1630	Orebaugh_A	1	Orebaugh_A
1613	Hoad_T	1	Hoad_T
1694	Schenkel_A	1	Schenkel_A
1745	Camtepe_A	1	Camtepe_A
1771	Stadlober_E	1	Stadlober_E
2875	Vazirian_S	1	Vazirian_S
1772	Gupta_R	1	Gupta_R
1773	Beet_S	1	Beet_S
1774	Hellerstein_L	1	Hellerstein_L
2866	Beckman_B	1	Beckman_B
1734	Moïse_C	1	Moïse_C
1756	Kantor_P	1	Kantor_P
1754	Kleinfeld_Z	1	Kleinfeld_Z
1736	Sekula_R	1	Sekula_R
1737	Crossley_S	1	Crossley_S
1738	Reed_J	1	Reed_J
2874	Donnelly_P	1	Donnelly_P
1752	Dhawle_S	1	Dhawle_S
1742	Balaguer_E	1	Balaguer_E
1743	Morris_J	1	Morris_J
1755	Kobourov_S	1	Kobourov_S
1744	Orlans_N	1	Orlans_N
1746	McCandlish_P	1	McCandlish_P
2872	Phillippides_D	1	Phillippides_D
1748	Boleda_G	1	Boleda_G
1749	Katz_S	1	Katz_S
1750	Mehler_A	1	Mehler_A
1751	Reithinger_N	1	Reithinger_N
1931	Spolsky_E	1	Spolsky_E
1924	Thakre_V	1	Thakre_V
1932	Prabhu_P	1	Prabhu_P
1376	Haverkort_M	1	Haverkort_M
2960	Croft_W	1	Croft_W
2959	Strauss_U	1	Strauss_U
1368	Piao_S	1	Piao_S
1369	Dickerson_B	1	Dickerson_B
1370	Dogan_R	1	Dogan_R
1371	Halstead_M	1	Halstead_M
1372	Najak_D	1	Najak_D
2957	Worrall_L	1	Worrall_L
1373	Todorov_T	1	Todorov_T
2958	Lalla_H	1	Lalla_H
1377	Marqués-Aguado_T	1	Marqués-Aguado_T
1384	Prado_S	1	Prado_S
1378	Kieft_R	1	Kieft_R
1379	Williams_D	1	Williams_D
1380	Slater_E	1	Slater_E
1381	Huang_a	1	Huang_a
1374	Janas_J	1	Janas_J
1365	Al-Ayyoub_M	1	Al-Ayyoub_M
1403	Scott_G	1	Scott_G
1405	Wallip_W	1	Wallip_W
2951	Yang_W	1	Yang_W
1428	Dermoudy_J	1	Dermoudy_J
1382	McDavid_R	1	McDavid_R
2955	Philippides_D	1	Philippides_D
1430	Calandrino_J	1	Calandrino_J
1390	Pepe_A	1	Pepe_A
2841	Brown_C	1	Brown_C
1837	Makris_C	1	Makris_C
2843	Hille_E	1	Hille_E
1942	Shi_E	1	Shi_E
1610	Casares_J	1	Casares_J
1608	Iancu_C	1	Iancu_C
1386	Allison_S	1	Allison_S
1387	Barker_N	1	Barker_N
1388	Wee_W	1	Wee_W
1389	Handelsman_J	1	Handelsman_J
1391	Ferrer-i-Cancho_R	1	Ferrer-i-Cancho_R
1394	Névéol_A	1	Névéol_A
1392	Niederkorn_W	1	Niederkorn_W
1385	Wunsch_C	1	Wunsch_C
1393	Finamore_A	1	Finamore_A
1395	Richaudeau_F	1	Richaudeau_F
1396	Maria_R	1	Maria_R
1397	Kowtko_J	1	Kowtko_J
2956	Shen_T	1	Shen_T
1399	Rubin_V	1	Rubin_V
1400	Murphy_T	1	Murphy_T
1401	Picardi_C	1	Picardi_C
1429	Teubert_W	1	Teubert_W
1431	Goldstein_M	1	Goldstein_M
1833	Verhoeven_B	1	Verhoeven_B
2612	Davis_W	1	Davis_W
1419	Roscheisen_M	1	Roscheisen_M
2952	Watkins_J	1	Watkins_J
1421	Guidorizzi_R	1	Guidorizzi_R
1422	Gamerman_E	1	Gamerman_E
1415	Webber_W	1	Webber_W
1443	Boutwell_S	1	Boutwell_S
1364	Schneier_B	1	Schneier_B
1362	Rodionova_E	1	Rodionova_E
1304	Gyongyi_Z	1	Gyongyi_Z
1305	Bernaldo-de-Quirós_M	1	Bernaldo-de-Quirós_M
1307	Budhiraja_S	1	Budhiraja_S
1417	Choi_S	1	Choi_S
1308	Italie_H	1	Italie_H
1309	Boot_P	1	Boot_P
1310	Bul_B	1	Bul_B
1302	Stone_J	1	Stone_J
1311	Usher_S	1	Usher_S
1313	Fussell_P	1	Fussell_P
1314	Selvin_H	1	Selvin_H
1315	Khoshgoftaar_T	1	Khoshgoftaar_T
1316	Saracevic_T	1	Saracevic_T
1317	Corne_D	1	Corne_D
1418	Debray_S	1	Debray_S
2953	Roumeliotis_J	1	Roumeliotis_J
2950	Anbeek_T	1	Anbeek_T
1435	Masterman_M	1	Masterman_M
1433	Pietra_V	1	Pietra_V
1426	Fligelstone_S	1	Fligelstone_S
1434	Hengartner_N	1	Hengartner_N
1436	Voorhees_E	1	Voorhees_E
1437	Dreier_D	1	Dreier_D
1438	Flashman_L	1	Flashman_L
1439	Miles_J	1	Miles_J
1440	McCleod_D	1	McCleod_D
1441	Perlroth_N	1	Perlroth_N
1442	Mason_O	1	Mason_O
1404	Collins_P	1	Collins_P
1413	Tsuboi_Y	1	Tsuboi_Y
1425	Henkels_R	1	Henkels_R
1423	Hehn_W	1	Hehn_W
1406	Hess_S	1	Hess_S
1407	Mustapha_N	1	Mustapha_N
1408	Thomas_C	1	Thomas_C
1409	Lay_M	1	Lay_M
1410	Steen_G	1	Steen_G
1411	Zhao_J	1	Zhao_J
1412	Maurer_H	1	Maurer_H
1424	Stefanova-Spassova_M	1	Stefanova-Spassova_M
1835	Paez_R	1	Paez_R
1832	Knepley_J	1	Knepley_J
2815	Turunen_V	1	Turunen_V
2854	Hinton_S	1	Hinton_S
1913	Segarra_S	1	Segarra_S
1777	Pauli_D	1	Pauli_D
1861	Sever_H	1	Sever_H
2835	Glasziou_K	1	Glasziou_K
1801	Argamon-Engleson_A	1	Argamon-Engleson_A
2856	Clare_A	1	Clare_A
2855	Havlin_S	1	Havlin_S
1804	Fegley_B	1	Fegley_B
1805	Turmo_J	1	Turmo_J
1806	Zečević_A	1	Zečević_A
1800	Miao_H	1	Miao_H
1919	Tomović_A	1	Tomović_A
2853	Kleiner_K	1	Kleiner_K
2850	Shaker_K	1	Shaker_K
2849	Blain_D	1	Blain_D
1812	Parida_L	1	Parida_L
1813	Costa_L	1	Costa_L
2848	Mowat_B	1	Mowat_B
2847	Connors_L	1	Connors_L
2846	Levinson_S	1	Levinson_S
1809	Proyecto-BASURDE	1	Proyecto-BASURDE
2845	Samadzadeh_M	1	Samadzadeh_M
1920	Montermini_F	1	Montermini_F
2820	Claasen_W	1	Claasen_W
1797	García-Hernández_R	1	García-Hernández_R
1905	Muñoz_R	1	Muñoz_R
2814	Joyce_D	1	Joyce_D
1937	Cavnar_W	1	Cavnar_W
1938	Bruijn_M	1	Bruijn_M
2813	Dybkjaer_H	1	Dybkjaer_H
2812	Malpohl_G	1	Malpohl_G
1941	Hotho_A	1	Hotho_A
2817	Berry_L	1	Berry_L
1903	McNemar_Q	1	McNemar_Q
2819	Cowan_G	1	Cowan_G
1921	Dershowitz_N	1	Dershowitz_N
1906	Bungarten_T	1	Bungarten_T
2821	Steitz_P	1	Steitz_P
1907	Wilson_C	1	Wilson_C
1908	Brofos_J	1	Brofos_J
1909	Olsen_S	1	Olsen_S
1910	Hassell_J	1	Hassell_J
1911	Malvern_D	1	Malvern_D
1922	Cukic_B	1	Cukic_B
2822	Navarro_B	1	Navarro_B
1914	Cohen_P	1	Cohen_P
1915	Oaho_A	1	Oaho_A
1916	Aiken_A	1	Aiken_A
1799	Croenen_G	1	Croenen_G
1779	Vitiello_G	1	Vitiello_G
1831	Frumkira_R	1	Frumkira_R
1840	Alpaydin_E	1	Alpaydin_E
1849	Meyers_L	1	Meyers_L
1851	Chang_K	1	Chang_K
1852	Tallentire_R	1	Tallentire_R
2838	Evans_M	1	Evans_M
1854	Ziadon_K	1	Ziadon_K
2837	Poe_H	1	Poe_H
1857	Akman_V	1	Akman_V
1858	Shen_Y	1	Shen_Y
2839	Liang_Z	1	Liang_Z
1819	Long_M	1	Long_M
1838	Whorf_B	1	Whorf_B
1848	Deorowicz_S	1	Deorowicz_S
2844	Pruscha_H	1	Pruscha_H
1822	Gao_K	1	Gao_K
1823	Cohen_N	1	Cohen_N
1824	Lynch_C	1	Lynch_C
1825	Baldwin_B	1	Baldwin_B
1826	Hedegaard_S	1	Hedegaard_S
1827	McDonald_R	1	McDonald_R
1839	Lakshmi	1	Lakshmi
1828	Milward_D	1	Milward_D
1830	Nishina_Y	1	Nishina_Y
1841	Theophilo_A	1	Theophilo_A
1847	Heikkila_J	1	Heikkila_J
1780	Krogh_A	1	Krogh_A
1792	Mickey_M	1	Mickey_M
1781	Chissom_B	1	Chissom_B
2864	Aiden_E	1	Aiden_E
1783	Lowe_D	1	Lowe_D
1784	Shlens_J	1	Shlens_J
1785	Llorens_M	1	Llorens_M
1798	Malone_B	1	Malone_B
2863	Cerezo-Soler_J	1	Cerezo-Soler_J
1789	Lindsay_K	1	Lindsay_K
2860	Schroeder_L	1	Schroeder_L
1791	Dean_C	1	Dean_C
1794	Reed_D	1	Reed_D
1846	Stalker_K	1	Stalker_K
1795	Druzhkov_P	1	Druzhkov_P
2857	Leonard_L	1	Leonard_L
2862	May_M	1	May_M
2834	Sanchez-Perez_M	1	Sanchez-Perez_M
1818	Cleary_J	1	Cleary_J
1820	Balasubrahmanyan_V	1	Balasubrahmanyan_V
1842	Hansen_D	1	Hansen_D
1843	Rieber_R	1	Rieber_R
1844	Mellia_M	1	Mellia_M
1845	Ries_K	1	Ries_K
2543	Paolino_L	1	Paolino_L
2544	Corbett_E	1	Corbett_E
2545	Kay_P	1	Kay_P
2546	Schoenbaum_S	1	Schoenbaum_S
333	Peer_W	1	Peer_W
334	Richardson_M	1	Richardson_M
335	Soloway_E	1	Soloway_E
336	Rasp_J	1	Rasp_J
338	Chauveau_E	1	Chauveau_E
340	Matsuo_L	1	Matsuo_L
351	Lancaster_A	1	Lancaster_A
341	Cooper_H	1	Cooper_H
3238	Mani_I	1	Mani_I
344	Karp_R	1	Karp_R
345	Iker_H	1	Iker_H
346	Fogel_E	1	Fogel_E
347	Drommel_R	1	Drommel_R
348	Pury_P	1	Pury_P
349	Maislin_S	1	Maislin_S
3239	Melnikov_V	1	Melnikov_V
3198	Krauthgamery_R	1	Krauthgamery_R
371	Moon_I	1	Moon_I
373	Costa_P	1	Costa_P
395	Lee_V	1	Lee_V
396	Hairetakis_N	1	Hairetakis_N
397	Arnaud_E	1	Arnaud_E
3227	Tajima_M	1	Tajima_M
331	Jamieson_R	1	Jamieson_R
3237	Zhang_Y	1	Zhang_Y
352	Bhattacharya_K	1	Bhattacharya_K
359	Kocagul_H	1	Kocagul_H
475	Flyn_C	1	Flyn_C
468	Eckersley_P	1	Eckersley_P
3224	Anonymous	1	Anonymous
412	Hardie_A	1	Hardie_A
411	Ducretet_P	1	Ducretet_P
354	Mervis_C	1	Mervis_C
3236	Hotta_S	1	Hotta_S
356	Mays_D	1	Mays_D
357	Yampolskiy_R	1	Yampolskiy_R
358	Hubbard_E	1	Hubbard_E
360	Mikheev_A	1	Mikheev_A
370	Hardy_G	1	Hardy_G
353	Mahanti_A	1	Mahanti_A
361	Henny_U	1	Henny_U
363	Kaferly_D	1	Kaferly_D
364	Diwersy_S	1	Diwersy_S
365	White_D	1	White_D
366	Lesk_A	1	Lesk_A
367	Tambovtseva_J	1	Tambovtseva_J
368	Serrano_J	1	Serrano_J
369	Galloway_P	1	Galloway_P
362	Bloom_F	1	Bloom_F
3226	Wollstonecraft-Shelley_M	1	Wollstonecraft-Shelley_M
400	Gravano_L	1	Gravano_L
401	Zervas_G	1	Zervas_G
610	Qin_Y	1	Qin_Y
389	Padró_L	1	Padró_L
390	McKendrick_A	1	McKendrick_A
382	Rothman-Shore_J	1	Rothman-Shore_J
330	Itai_A	1	Itai_A
497	Fragos_K	1	Fragos_K
499	Niu_Y	1	Niu_Y
606	Bowman_M	1	Bowman_M
607	Dale_E	1	Dale_E
608	Pichler_A	1	Pichler_A
609	Hadid_A	1	Hadid_A
612	Kenna_R	1	Kenna_R
3229	Lynch_M	1	Lynch_M
613	Eliot_S	1	Eliot_S
614	DeForest_M	1	DeForest_M
615	Sparkes_A	1	Sparkes_A
616	Johnston_J	1	Johnston_J
617	Murad_A	1	Murad_A
618	Mielke_P	1	Mielke_P
619	Bazire_J	1	Bazire_J
620	Proyecto-ITEM	1	Proyecto-ITEM
3157	McCann_P	1	McCann_P
605	Deploige_J	1	Deploige_J
388	Smith_L	1	Smith_L
386	Flannery_D	1	Flannery_D
394	Goy-Blanquet_D	1	Goy-Blanquet_D
393	Mersch_G	1	Mersch_G
402	Brennan_S	1	Brennan_S
404	Girón_F	1	Girón_F
405	Baxter_D	1	Baxter_D
3225	Urieli_A	1	Urieli_A
407	LuperFoy_S	1	LuperFoy_S
408	Moens_S	1	Moens_S
409	Francis_W	1	Francis_W
410	Hoffman_D	1	Hoffman_D
403	Woods_M	1	Woods_M
372	Puolamäki_K	1	Puolamäki_K
391	Brew_C	1	Brew_C
385	Socher_R	1	Socher_R
374	Indyk_P	1	Indyk_P
375	Bello_R	1	Bello_R
376	Jelinek_F	1	Jelinek_F
3235	Theobald_M	1	Theobald_M
378	Virpioja_S	1	Virpioja_S
3234	Chretien_C	1	Chretien_C
3233	Sankoff_D	1	Sankoff_D
3228	Wilson_T	1	Wilson_T
3232	Lyons_L	1	Lyons_L
3231	Bergadano_F	1	Bergadano_F
474	Waugh_S	1	Waugh_S
473	Peskin_B	1	Peskin_B
472	Norwati_M	1	Norwati_M
445	Golub_L	1	Golub_L
2982	Byrne_M	1	Byrne_M
1281	Lenat_D	1	Lenat_D
1306	Salas_S	1	Salas_S
1279	Maron_M	1	Maron_M
437	Rao_J	1	Rao_J
440	Hiller_M	1	Hiller_M
441	Kohavi_R	1	Kohavi_R
3213	Hedstrom_M	1	Hedstrom_M
3212	Hieatt_A	1	Hieatt_A
3211	Bradley_M	1	Bradley_M
447	Honoré_T	1	Honoré_T
2171	Aiden_A	1	Aiden_A
3209	Sergeyev_A	1	Sergeyev_A
449	Maier_E	1	Maier_E
450	Siegmund_D	1	Siegmund_D
451	Sim_T	1	Sim_T
3205	Moritz_R	1	Moritz_R
454	Kidder_C	1	Kidder_C
455	Luck_M	1	Luck_M
436	Meng_P	1	Meng_P
3216	Butters_R	1	Butters_R
434	Harrison_D	1	Harrison_D
2745	Pierrehumbert_J	1	Pierrehumbert_J
2170	Sadeghi_A	1	Sadeghi_A
415	Ciaffoni_R	1	Ciaffoni_R
2156	Subbalakshmi_K	1	Subbalakshmi_K
2189	Miller_W	1	Miller_W
2190	Rodríguez_R	1	Rodríguez_R
2191	Riddell_A	1	Riddell_A
2740	Spence_J	1	Spence_J
2193	Easson_G	1	Easson_G
2186	Elkins_A	1	Elkins_A
2744	Last_R	1	Last_R
2174	Khinchin_A	1	Khinchin_A
2173	Zhang_H	1	Zhang_H
2750	Bartlett_P	1	Bartlett_P
2157	Pusara_M	1	Pusara_M
2746	Lemire_D	1	Lemire_D
2158	Rique-JR_A	1	Rique-JR_A
2159	Bly_A	1	Bly_A
2160	Tilahun_G	1	Tilahun_G
2749	Thomas_S	1	Thomas_S
2162	Laird_P	1	Laird_P
2164	Jautze_K	1	Jautze_K
2165	Honloor_A	1	Honloor_A
2166	Schloss_P	1	Schloss_P
2167	Uhde_C	1	Uhde_C
2747	Brock_D	1	Brock_D
433	Maybrey_M	1	Maybrey_M
416	Shen_B	1	Shen_B
471	Jiang_J	1	Jiang_J
476	Teleman_U	1	Teleman_U
489	Niblett_B	1	Niblett_B
3202	Spaulding_A	1	Spaulding_A
491	Langlais_P	1	Langlais_P
3201	Marcus_A	1	Marcus_A
3200	Leong_H	1	Leong_H
3199	Warren_D	1	Warren_D
495	Gokhale_A	1	Gokhale_A
488	Burgon_G	1	Burgon_G
414	Ottenstein_K	1	Ottenstein_K
478	Sun_Y	1	Sun_Y
460	Aykanat_C	1	Aykanat_C
479	Yamposkiy_R	1	Yamposkiy_R
461	Baek_J	1	Baek_J
462	Gokhale_M	1	Gokhale_M
463	Vamplew_P	1	Vamplew_P
464	Atabakhsh_H	1	Atabakhsh_H
465	Mao_H	1	Mao_H
466	Santos_E	1	Santos_E
477	Friedberg_N	1	Friedberg_N
467	Heeman_P	1	Heeman_P
3204	Laertius_D	1	Laertius_D
470	Uhlig_S	1	Uhlig_S
487	Matsumoto_T	1	Matsumoto_T
3203	Fengxiang_F	1	Fengxiang_F
417	Reppen_R	1	Reppen_R
430	San-Roman_G	1	San-Roman_G
418	Alzahrani_S	1	Alzahrani_S
419	Munafo_M	1	Munafo_M
421	Noordewier_M	1	Noordewier_M
422	Levy-Minzie_K	1	Levy-Minzie_K
456	Lindey_A	1	Lindey_A
3219	Derrick_D	1	Derrick_D
426	Janssen_J	1	Janssen_J
427	Nayak_A	1	Nayak_A
428	Whitney_D	1	Whitney_D
3218	El-Fiqi_H	1	El-Fiqi_H
3217	Koch_I	1	Koch_I
485	Craik_E	1	Craik_E
432	Cohen_J	1	Cohen_J
425	Mac-Carron_P	1	Mac-Carron_P
457	Kaster_A	1	Kaster_A
458	Lightfoot_D	1	Lightfoot_D
459	Spracklin_L	1	Spracklin_L
480	Turnbull_J	1	Turnbull_J
481	Cavalcante_T	1	Cavalcante_T
482	Boston_N	1	Boston_N
483	Gisin_N	1	Gisin_N
484	Tenney_R	1	Tenney_R
604	Baker_S	1	Baker_S
603	McNeil_D	1	McNeil_D
3160	Finn_S	1	Finn_S
3303	Kirkpatrick_D	1	Kirkpatrick_D
556	Knagenhjelm_P	1	Knagenhjelm_P
3172	Muhlenbruck_L	1	Muhlenbruck_L
558	Buck_J	1	Buck_J
559	Vikatos_P	1	Vikatos_P
560	Simonton_D	1	Simonton_D
3175	Weinberg_A	1	Weinberg_A
665	Ellison_J	1	Ellison_J
3244	Martin_R	1	Martin_R
3245	O'Toole_T	1	O'Toole_T
106	Hanzo_L	1	Hanzo_L
108	Padhraic_S	1	Padhraic_S
553	Costello_J	1	Costello_J
109	Krallmann_D	1	Krallmann_D
110	Herrera_J	1	Herrera_J
3302	Rose_T	1	Rose_T
112	Viswanathan_R	1	Viswanathan_R
113	Abdi_H	1	Abdi_H
114	González-Díaz_V	1	González-Díaz_V
115	Nielsen_J	1	Nielsen_J
3301	Floyd_S	1	Floyd_S
117	Redwine_G	1	Redwine_G
118	Ailisto_H	1	Ailisto_H
3174	Iosif_E	1	Iosif_E
550	Hogenrad_R	1	Hogenrad_R
120	Petöfi_J	1	Petöfi_J
580	Cunningham_G	1	Cunningham_G
570	Schmidt_K	1	Schmidt_K
3170	Saha_S	1	Saha_S
564	Vassiliou_M	1	Vassiliou_M
572	Pinkal_M	1	Pinkal_M
574	Grabar_N	1	Grabar_N
575	Islam_A	1	Islam_A
576	Coughlin_E	1	Coughlin_E
577	Reed_M	1	Reed_M
3168	Garthwaite_P	1	Garthwaite_P
579	Li_Q	1	Li_Q
3169	Tepe_K	1	Tepe_K
562	Good_I	1	Good_I
3182	Navarro-Colorado_B	1	Navarro-Colorado_B
3171	Bos_E	1	Bos_E
561	Robson_E	1	Robson_E
542	Sarndal_C	1	Sarndal_C
543	Brill_E	1	Brill_E
3180	Nelson_K	1	Nelson_K
546	Tufan_T	1	Tufan_T
547	Sun_J	1	Sun_J
3178	Foti_N	1	Foti_N
3177	Finn_A	1	Finn_A
3300	Stukker_N	1	Stukker_N
105	Lu_P	1	Lu_P
568	Türkoğlu_F	1	Türkoğlu_F
161	Denby_L	1	Denby_L
150	Palmer_R	1	Palmer_R
151	Schleimer_S	1	Schleimer_S
152	Hashem_S	1	Hashem_S
145	Robinson_T	1	Robinson_T
153	Tarlinskaya_M	1	Tarlinskaya_M
155	Berridge_D	1	Berridge_D
3289	Selman_S	1	Selman_S
3288	Whitelaw_C	1	Whitelaw_C
3286	Pawłowski_A	1	Pawłowski_A
160	Zhang_J	1	Zhang_J
3285	Balota	1	Balota
3291	Bellmann_H	1	Bellmann_H
3290	St-Vincent_S	1	St-Vincent_S
85	Guzmán-Cabrera_R	1	Guzmán-Cabrera_R
144	Goodman_R	1	Goodman_R
3293	Rosenstein_M	1	Rosenstein_M
126	Lambers_M	1	Lambers_M
127	de-Deyn_P	1	de-Deyn_P
128	Niederhoffer_K	1	Niederhoffer_K
129	Yajnik_M	1	Yajnik_M
130	Parish_J	1	Parish_J
131	Gannon_J	1	Gannon_J
149	Hall_G	1	Hall_G
147	Schubert_L	1	Schubert_L
104	Dasgupta_T	1	Dasgupta_T
93	Fradejas-Rueda_J	1	Fradejas-Rueda_J
103	Widmer_G	1	Widmer_G
102	Brown_M	1	Brown_M
86	Twyman_R	1	Twyman_R
87	Wilson_N	1	Wilson_N
88	Wei-Feng_V	1	Wei-Feng_V
3307	Marsden_H	1	Marsden_H
90	Parks_P	1	Parks_P
91	Ariew_R	1	Ariew_R
3305	Abney_S	1	Abney_S
121	Vashchilko_T	1	Vashchilko_T
95	Oppenheim_R	1	Oppenheim_R
146	Donegan_M	1	Donegan_M
96	Davis_T	1	Davis_T
97	Clarke_C	1	Clarke_C
98	Bhargava_M	1	Bhargava_M
99	Paloski_A	1	Paloski_A
100	Davis_L	1	Davis_L
101	Cohen_D	1	Cohen_D
3304	Chittaranjan_G	1	Chittaranjan_G
122	Rand_W	1	Rand_W
123	Lakoff_G	1	Lakoff_G
124	Gussner_R	1	Gussner_R
569	Holmes_P	1	Holmes_P
567	Yogev_S	1	Yogev_S
585	Thompson_W	1	Thompson_W
584	Pak_A	1	Pak_A
3148	Morris_W	1	Morris_W
654	Weizenbaum_J	1	Weizenbaum_J
656	Forni_K	1	Forni_K
658	Madhavan_C	1	Madhavan_C
3145	Levy_J	1	Levy_J
660	Yamamoto_K	1	Yamamoto_K
662	Welsh_A	1	Welsh_A
663	Light_M	1	Light_M
664	Kameyama_M	1	Kameyama_M
655	Azrif_M	1	Azrif_M
645	Bareiss_C	1	Bareiss_C
652	Winter_W	1	Winter_W
643	Wacholder_N	1	Wacholder_N
626	Schmid_H	1	Schmid_H
3154	Frieze_A	1	Frieze_A
628	Ycart_B	1	Ycart_B
629	Chang_C	1	Chang_C
630	Levin_C	1	Levin_C
631	Willing_R	1	Willing_R
632	Sulaiman_M	1	Sulaiman_M
3149	Russell_I	1	Russell_I
633	Moore_R	1	Moore_R
653	Matlack_W	1	Matlack_W
651	Králík_J	1	Králík_J
1280	Haselden_R	1	Haselden_R
596	Carpenter_R	1	Carpenter_R
586	Canettieri_P	1	Canettieri_P
587	Spiegler_S	1	Spiegler_S
588	Bowers_F	1	Bowers_F
3166	Rasmussen_E	1	Rasmussen_E
590	Neumann_W	1	Neumann_W
3164	Shiner_B	1	Shiner_B
622	Kavasidis_I	1	Kavasidis_I
592	Vossen_P	1	Vossen_P
3162	Junkins_J	1	Junkins_J
595	Forstall_C	1	Forstall_C
597	Zhao_D	1	Zhao_D
650	Abundo_C	1	Abundo_C
599	Zeng_L	1	Zeng_L
600	Efimovich_S	1	Efimovich_S
601	Stutterheim_C	1	Stutterheim_C
3163	Ha-Le-Quan_e	1	Ha-Le-Quan_e
3155	Gonick_L	1	Gonick_L
624	Pringle_M	1	Pringle_M
625	Diez-Orzas_P	1	Diez-Orzas_P
647	Han_J	1	Han_J
648	Stern_J	1	Stern_J
3147	van-der-Merwe-Scholtz_H	1	van-der-Merwe-Scholtz_H
635	Meuschke_N	1	Meuschke_N
637	Ishihara_S	1	Ishihara_S
566	Markantonatou_S	1	Markantonatou_S
3193	Lakhotia_A	1	Lakhotia_A
517	Martin-Löf_P	1	Martin-Löf_P
500	Needleman_S	1	Needleman_S
501	De-Vel_O	1	De-Vel_O
3197	González-Ibáñez_R	1	González-Ibáñez_R
503	Gariup_M	1	Gariup_M
505	Allnutt_J	1	Allnutt_J
506	Wolls_D	1	Wolls_D
507	van-Cranenburgh_A	1	van-Cranenburgh_A
3191	Johannisson_T	1	Johannisson_T
508	Diaz-Guilera_A	1	Diaz-Guilera_A
511	Savari_S	1	Savari_S
537	Limbek_M	1	Limbek_M
512	Palmer_P	1	Palmer_P
3192	Isard_A	1	Isard_A
514	Walters_J	1	Walters_J
515	Najock_D	1	Najock_D
516	Laforest_M	1	Laforest_M
3195	Macready_W	1	Macready_W
498	Becker_L	1	Becker_L
538	Lopez_C	1	Lopez_C
541	Davison_M	1	Davison_M
565	Büttner_A	1	Büttner_A
519	Lee_L	1	Lee_L
529	Jagadeesan_H	1	Jagadeesan_H
3150	Rasche_R	1	Rasche_R
524	Crofts_D	1	Crofts_D
640	Sarkar_A	1	Sarkar_A
641	Liu_C	1	Liu_C
642	Etzion-Rosenberg_N	1	Etzion-Rosenberg_N
3153	Baudouin_V	1	Baudouin_V
583	Radivojac_P	1	Radivojac_P
3167	Beers_Y	1	Beers_Y
581	Monaco_J	1	Monaco_J
3189	Gortner_E	1	Gortner_E
3188	Chandrasekaran_R	1	Chandrasekaran_R
3187	Chaoji_V	1	Chaoji_V
525	Wagner_J	1	Wagner_J
536	Winchester_S	1	Winchester_S
526	Milička_J	1	Milička_J
3185	Monterola_C	1	Monterola_C
3190	Longstaff_T	1	Longstaff_T
528	Warren_R	1	Warren_R
530	McKusick_J	1	McKusick_J
531	Kirschenbaum_M	1	Kirschenbaum_M
532	Irving_R	1	Irving_R
533	Shore_H	1	Shore_H
534	Rodrigues_T	1	Rodrigues_T
3183	Kerlinger_F	1	Kerlinger_F
2188	Winslow_G	1	Winslow_G
2187	Coll-Ardanuy_M	1	Coll-Ardanuy_M
2184	McKenzie_D	1	McKenzie_D
2777	Petrović_S	1	Petrović_S
2055	Meyer_J	1	Meyer_J
2780	Hiller_J	1	Hiller_J
2047	Paaß_G	1	Paaß_G
2057	Marriott_I	1	Marriott_I
2059	Bernola_A	1	Bernola_A
2779	Mélot_H	1	Mélot_H
2061	Curtis_B	1	Curtis_B
2062	Mishra_T	1	Mishra_T
2064	Castaldini_A	1	Castaldini_A
2065	Cranenburgh_A	1	Cranenburgh_A
2058	Rimrott_F	1	Rimrott_F
2051	Glassy_L	1	Glassy_L
2776	Filatova_E	1	Filatova_E
2046	Donnelly_C	1	Donnelly_C
2044	Faidhi_J	1	Faidhi_J
2028	King_R	1	King_R
2029	Warwick_C	1	Warwick_C
2030	Piroi_F	1	Piroi_F
2031	Oelke_D	1	Oelke_D
2032	Morrissey_P	1	Morrissey_P
2033	Primo_J	1	Primo_J
2034	Anat-Rachel_S	1	Anat-Rachel_S
2053	Leibler_R	1	Leibler_R
2050	Peng_W	1	Peng_W
2783	Amores_J	1	Amores_J
2499	Fox_N	1	Fox_N
2506	Portnoy_S	1	Portnoy_S
2647	Moon_F	1	Moon_F
2491	Chaudhary_V	1	Chaudhary_V
2492	Bazzan_A	1	Bazzan_A
2493	Luo_W	1	Luo_W
2494	Mántaras_R	1	Mántaras_R
2646	Garcia_M	1	Garcia_M
2645	Chatterjee_A	1	Chatterjee_A
2507	Lindskoog_K	1	Lindskoog_K
2497	Battestin_M	1	Battestin_M
2500	Lauer_G	1	Lauer_G
2049	Gerritsen_C	1	Gerritsen_C
2501	N.-O’Sullivan	1	N.-O’Sullivan
2644	Ohm_P	1	Ohm_P
2503	Adamo_G	1	Adamo_G
2504	Nadalutti_P	1	Nadalutti_P
2505	Palmer_D	1	Palmer_D
2498	Hays_B	1	Hays_B
2281	Paclik_P	1	Paclik_P
2716	Glassman_S	1	Glassman_S
2279	Gulati_G	1	Gulati_G
2048	Chow_R	1	Chow_R
2045	Rico-Sulayes_A	1	Rico-Sulayes_A
2037	Mohsen_A	1	Mohsen_A
2649	Simpson_E	1	Simpson_E
2089	Asawa_K	1	Asawa_K
2069	Kerr_L	1	Kerr_L
2090	Herbelot_A	1	Herbelot_A
2088	Béhar_H	1	Béhar_H
2773	Glass_L	1	Glass_L
2073	Celikel_E	1	Celikel_E
2772	Dong_J	1	Dong_J
2075	Wallnau_L	1	Wallnau_L
2771	Totty_R	1	Totty_R
2077	Heels_E	1	Heels_E
2078	Hart_R	1	Hart_R
2079	Dresden_S	1	Dresden_S
2763	Robbins_H	1	Robbins_H
2081	Coyotl-Morales_R	1	Coyotl-Morales_R
2082	Datcu_M	1	Datcu_M
2770	Cervell_S	1	Cervell_S
2769	Kešelj_V	1	Kešelj_V
2085	Lipman_D	1	Lipman_D
2768	Roodman_A	1	Roodman_A
2087	Verma_R	1	Verma_R
2080	Cozzarelli_F	1	Cozzarelli_F
2762	Li_F	1	Li_F
2784	Croft_D	1	Croft_D
2100	Flinn_A	1	Flinn_A
2108	Calix_K	1	Calix_K
2038	Hellinga_W	1	Hellinga_W
2093	Adam_L	1	Adam_L
2039	Heid_U	1	Heid_U
2040	Macdonald_I	1	Macdonald_I
2041	Kappe_F	1	Kappe_F
2042	Vlachos_P	1	Vlachos_P
2043	Mann_W	1	Mann_W
2036	Garside_R	1	Garside_R
2027	Fillmore_C	1	Fillmore_C
2775	Bennett_W	1	Bennett_W
2071	Ringbom_H	1	Ringbom_H
2092	Halteren_H	1	Halteren_H
2094	Dexter_J	1	Dexter_J
2107	Li_D	1	Li_D
2095	Wintner_S	1	Wintner_S
2767	Hameed_A	1	Hameed_A
2097	Donaldson_J	1	Donaldson_J
2098	Friedman_M	1	Friedman_M
2091	Slautina_M	1	Slautina_M
2099	Ross_R	1	Ross_R
2764	Ahonen_T	1	Ahonen_T
2104	Dras_M	1	Dras_M
2105	Macedo_L	1	Macedo_L
2106	Slade_R	1	Slade_R
2508	Zajac_M	1	Zajac_M
2518	Stone_L	1	Stone_L
1966	Chen_Z	1	Chen_Z
2585	Temple_J	1	Temple_J
2574	Rondale_J	1	Rondale_J
2575	Peters_W	1	Peters_W
2576	Guyot_A	1	Guyot_A
2578	Milliken_G	1	Milliken_G
2579	Stege_U	1	Stege_U
2580	Karnan_M	1	Karnan_M
2593	Swales_J	1	Swales_J
2581	Beckwith_R	1	Beckwith_R
2583	Fernandez_P	1	Fernandez_P
2584	Zeisel_H	1	Zeisel_H
2628	Eysenbach_G	1	Eysenbach_G
2625	the-PDP-Research-Group	1	the-PDP-Research-Group
2587	Rubin_A	1	Rubin_A
2588	Shin_R	1	Shin_R
2589	El-Makky_N	1	El-Makky_N
2582	Antonio_J	1	Antonio_J
2447	Hagenauer_J	1	Hagenauer_J
2528	Reinartz_P	1	Reinartz_P
2526	Ulrich_A	1	Ulrich_A
2653	Azé_J	1	Azé_J
2470	McLaughlin_J	1	McLaughlin_J
2471	García_A	1	García_A
2573	Dauber_E	1	Dauber_E
2594	Lin_T	1	Lin_T
2473	Gilula_Z	1	Gilula_Z
2621	Sacks_H	1	Sacks_H
2547	Dawes_R	1	Dawes_R
2539	Sterling_B	1	Sterling_B
2530	Garnett_J	1	Garnett_J
2570	Dominiek_S	1	Dominiek_S
2572	Ludwig_B	1	Ludwig_B
2623	Daller_J	1	Daller_J
2597	Gennadyevich_S	1	Gennadyevich_S
2622	van-Kranenburg_H	1	van-Kranenburg_H
2599	Parker_H	1	Parker_H
2600	Hauch_V	1	Hauch_V
2619	Kaufman_T	1	Kaufman_T
2571	Zöllner-Weber_A	1	Zöllner-Weber_A
2595	Thomson	1	Thomson
2618	Greenberg_J	1	Greenberg_J
2605	Melzer_S	1	Melzer_S
2617	Wishart_D	1	Wishart_D
2616	The-PLoS-Medicine-Editors	1	The-PLoS-Medicine-Editors
2615	Franks_J	1	Franks_J
2609	Manabu_O	1	Manabu_O
2610	Lin_X	1	Lin_X
2611	Verco_K	1	Verco_K
2604	Morell_C	1	Morell_C
2472	Billerbeck_B	1	Billerbeck_B
2474	Corso_G	1	Corso_G
2525	Shinghal_R	1	Shinghal_R
2513	Nadeem_S	1	Nadeem_S
2462	Marcotte_D	1	Marcotte_D
2463	Place_B	1	Place_B
2464	Sulea_M	1	Sulea_M
2457	Seletsky_O	1	Seletsky_O
2527	Jönsson_A	1	Jönsson_A
2486	Brackle_L	1	Brackle_L
2648	Salim_N	1	Salim_N
2510	McAllister_T	1	McAllister_T
2511	Carvalho_A	1	Carvalho_A
2512	Hmeidi_I	1	Hmeidi_I
2514	El-Abed_M	1	El-Abed_M
2654	Sakai_T	1	Sakai_T
2515	Nagao_M	1	Nagao_M
2516	Schommer_C	1	Schommer_C
2509	Hirsch_J	1	Hirsch_J
2517	Baker_K	1	Baker_K
2643	Stone_H	1	Stone_H
2520	Fujimoto_J	1	Fujimoto_J
2521	Amasyah_M	1	Amasyah_M
2522	Vitányi_P	1	Vitányi_P
2523	Greiner_R	1	Greiner_R
2524	Karian_S	1	Karian_S
2461	Zwaan_R	1	Zwaan_R
2459	Fellbaum_C	1	Fellbaum_C
2475	Gamst_G	1	Gamst_G
2485	Wiebe_J	1	Wiebe_J
2468	Jefferson_G	1	Jefferson_G
2476	Osborne_M	1	Osborne_M
2652	Croatto_P	1	Croatto_P
2479	Robinson_C	1	Robinson_C
2480	Ramirez_Y	1	Ramirez_Y
2481	Shoens_K	1	Shoens_K
2482	Speer_S	1	Speer_S
2651	Van-Kranenburg_P	1	Van-Kranenburg_P
2484	Lindholm_M	1	Lindholm_M
2477	Jackson_J	1	Jackson_J
2467	Lukon_S	1	Lukon_S
2458	Baierlein_R	1	Baierlein_R
2465	Committee-on-Identifying-the-Needs-of-the-Forensic-Sciences-Community_N	1	Committee-on-Identifying-the-Needs-of-the-Forensic-Sciences-Community_N
2656	Milkowski_M	1	Milkowski_M
2450	Boissier_D	1	Boissier_D
2451	Van-der-Knaap_L	1	Van-der-Knaap_L
2452	Best_E	1	Best_E
2453	López_F	1	López_F
2454	Davy_D	1	Davy_D
2455	Meijs_W	1	Meijs_W
2466	Harold_F	1	Harold_F
2655	Finney_D	1	Finney_D
2024	Hornik_K	1	Hornik_K
1967	Mehok_M	1	Mehok_M
2176	Van-Cranenburgh_A	1	Van-Cranenburgh_A
2243	Çöltekin_Ç	1	Çöltekin_Ç
2276	Monrose_F	1	Monrose_F
2277	Krishnaraj_N	1	Krishnaraj_N
2278	Säily_T	1	Säily_T
2270	Slotnick_H	1	Slotnick_H
2238	Kay_C	1	Kay_C
2260	Peters_T	1	Peters_T
2258	Hertz_J	1	Hertz_J
2240	Abel_J	1	Abel_J
2241	Dillon_G	1	Dillon_G
2726	Gilbert_G	1	Gilbert_G
2244	Haskel_P	1	Haskel_P
2273	Eisen_M	1	Eisen_M
2246	Goldberger_A	1	Goldberger_A
2247	Conrad_S	1	Conrad_S
2259	Huag_D	1	Huag_D
2248	Hunyadi_L	1	Hunyadi_L
2250	Rosenberger_C	1	Rosenberger_C
2722	Guillen-Nieto_V	1	Guillen-Nieto_V
2253	Monsarrat_G	1	Monsarrat_G
2254	Mills_D	1	Mills_D
2255	Jones_C	1	Jones_C
2256	Ginsberg_M	1	Ginsberg_M
2275	Kučera_H	1	Kučera_H
2718	Heitz_T	1	Heitz_T
2249	Butakov_S	1	Butakov_S
2197	Buckland_W	1	Buckland_W
2216	Giron_J	1	Giron_J
2205	Bakelman_N	1	Bakelman_N
2207	Pateriya_P	1	Pateriya_P
2208	Malrieu_D	1	Malrieu_D
2736	Firoiu_V	1	Firoiu_V
2735	Greatley-hirsch_B	1	Greatley-hirsch_B
2212	Dershowitz_I	1	Dershowitz_I
2213	Aoki_H	1	Aoki_H
2214	Barber_J	1	Barber_J
2206	Tearle_M	1	Tearle_M
2237	N.-Notomi-amp	1	N.-Notomi-amp
2719	Domingos_P	1	Domingos_P
2727	Pearl_L	1	Pearl_L
2262	Sculley_D	1	Sculley_D
2263	Kohonen_O	1	Kohonen_O
2264	Raza_A	1	Raza_A
2265	Drewes_H	1	Drewes_H
2266	Morgenstern_B	1	Morgenstern_B
2267	Terras_M	1	Terras_M
2268	Littin_J	1	Littin_J
2261	Inaki_A	1	Inaki_A
2269	Moens_M	1	Moens_M
2257	Beauvisage_T	1	Beauvisage_T
2196	Phua_T	1	Phua_T
2739	Altintas_K	1	Altintas_K
2129	Petraki_E	1	Petraki_E
2119	Prün_C	1	Prün_C
2120	Paolo_M	1	Paolo_M
2131	Ellegard_A	1	Ellegard_A
2761	Morgan_B	1	Morgan_B
2123	Hoorn_J	1	Hoorn_J
2759	Prosperetti_F	1	Prosperetti_F
2125	Raiha_K	1	Raiha_K
2126	Ruseti_S	1	Ruseti_S
2127	DeHaan_P	1	DeHaan_P
2128	Aitken_C	1	Aitken_C
2122	Jong_H	1	Jong_H
2117	Engels_S	1	Engels_S
2751	Ju_W	1	Ju_W
2153	Alwajeeh_A	1	Alwajeeh_A
2154	Stevens_S	1	Stevens_S
2177	Ellen_J	1	Ellen_J
2743	Walker_C	1	Walker_C
2179	Saevanee_H	1	Saevanee_H
2180	Vassilvitskii_S	1	Vassilvitskii_S
2181	Lioma_C	1	Lioma_C
2182	Putniņš_T	1	Putniņš_T
2742	Robshaw_M	1	Robshaw_M
2118	Carroll_J	1	Carroll_J
2116	Valencia-García_R	1	Valencia-García_R
2195	Miller_K	1	Miller_K
2143	Trenkle_J	1	Trenkle_J
2194	Arasu_A	1	Arasu_A
2134	Szafron_D	1	Szafron_D
2135	Herzberg_A	1	Herzberg_A
2136	Relles_N	1	Relles_N
2758	Avneri_G	1	Avneri_G
2138	Giorgino_T	1	Giorgino_T
2139	Cambell_G	1	Cambell_G
2140	Fergadiotis_G	1	Fergadiotis_G
2133	Petrakov_A	1	Petrakov_A
2141	Kato_T	1	Kato_T
2144	Marshall_E	1	Marshall_E
2115	Amancio_D	1	Amancio_D
2757	Van-Sterkenburg_P	1	Van-Sterkenburg_P
2146	Watson_I	1	Watson_I
2755	Randall_M	1	Randall_M
2149	Alexander_P	1	Alexander_P
2752	Westhead_D	1	Westhead_D
2142	Turell_M	1	Turell_M
2151	Williams_G	1	Williams_G
2132	Dillon_M	1	Dillon_M
2130	van-Velzen_M	1	van-Velzen_M
2114	Dalen-Oskam_K	1	Dalen-Oskam_K
2204	Wyatt_J	1	Wyatt_J
2202	Cooper_B	1	Cooper_B
1968	Lin_D	1	Lin_D
1986	Hopcroft_J	1	Hopcroft_J
2806	Veres_A	1	Veres_A
1956	Visa_A	1	Visa_A
2804	Nakisa_R	1	Nakisa_R
1958	Lupu_M	1	Lupu_M
2803	Janabi-Sharifi_F	1	Janabi-Sharifi_F
1960	Durian_D	1	Durian_D
1961	Kroft_A	1	Kroft_A
1954	Durfee_A	1	Durfee_A
2025	Chair_Z	1	Chair_Z
1984	Kar_D	1	Kar_D
2008	Yang_Z	1	Yang_Z
1963	Rasheed_K	1	Rasheed_K
2009	Berlin_B	1	Berlin_B
2010	Coufal_C	1	Coufal_C
2011	Parameswaran_S	1	Parameswaran_S
2012	Bree_L	1	Bree_L
2786	Odgers_S	1	Odgers_S
2014	Pearce_C	1	Pearce_C
2007	Frech_K	1	Frech_K
2015	Rudall_B	1	Rudall_B
2017	Jacoby_W	1	Jacoby_W
2018	Dawn_A	1	Dawn_A
2807	Hirschberg_D	1	Hirschberg_D
1952	Kreuzer_H	1	Kreuzer_H
2020	Karadimitriou_K	1	Karadimitriou_K
1980	Baker_G	1	Baker_G
1970	Méndez-Cruz_C	1	Méndez-Cruz_C
2801	Sangtae_A	1	Sangtae_A
1972	Jaynes_J	1	Jaynes_J
2799	Těšitelová_M	1	Těšitelová_M
1965	Shcherbinin_V	1	Shcherbinin_V
1974	Isard_S	1	Isard_S
1976	Ashford_T	1	Ashford_T
1977	Tellegen_A	1	Tellegen_A
2798	Moerk_E	1	Moerk_E
2796	Budden_D	1	Budden_D
1981	Ruggles_T	1	Ruggles_T
2809	Chung_R	1	Chung_R
2795	Swanson_B	1	Swanson_B
1975	Jones_E	1	Jones_E
1983	Kozinov_E	1	Kozinov_E
1964	Traum_D	1	Traum_D
1962	Caplan_R	1	Caplan_R
1946	Ke_X	1	Ke_X
2811	Torney_R	1	Torney_R
1948	Jansen_B	1	Jansen_B
2810	Meerov_I	1	Meerov_I
1950	Bougoulias_D	1	Bougoulias_D
2785	Hogenbirk_M	1	Hogenbirk_M
2021	Almela_Á	1	Almela_Á
2201	Weber_J	1	Weber_J
2231	Neme_A	1	Neme_A
2220	Peacock_A	1	Peacock_A
2221	Rosenberg_N	1	Rosenberg_N
2734	Warnow_T	1	Warnow_T
2733	Widrow_B	1	Widrow_B
2731	Volokh_E	1	Volokh_E
2730	Piqueras_J	1	Piqueras_J
2218	Schultz_E	1	Schultz_E
2226	Hopper_P	1	Hopper_P
2228	Small_I	1	Small_I
2728	Clinton_H	1	Clinton_H
2232	Holt_Y	1	Holt_Y
2113	Premaratne_K	1	Premaratne_K
2233	Minton_S	1	Minton_S
2234	Dyer_R	1	Dyer_R
2235	Rigoll_G	1	Rigoll_G
2227	Musilova_V	1	Musilova_V
2236	Uszkalo_K	1	Uszkalo_K
2217	Shimada_I	1	Shimada_I
2215	Lehr_M	1	Lehr_M
2198	Chapman_R	1	Chapman_R
2199	Brodley_C	1	Brodley_C
2200	Thomopoulos_S	1	Thomopoulos_S
2219	Walsh_M	1	Walsh_M
2112	Hada_Y	1	Hada_Y
2022	Schreuder_D	1	Schreuder_D
1993	Ohishi_T	1	Ohishi_T
2023	Stevens_J	1	Stevens_J
2016	Braine_M	1	Braine_M
2794	Scheutz_M	1	Scheutz_M
2006	Adams_C	1	Adams_C
2787	Zatko_P	1	Zatko_P
1987	Dewey_D	1	Dewey_D
2793	Newsome_R	1	Newsome_R
1989	Paroubek_P	1	Paroubek_P
2791	Tanguy_L	1	Tanguy_L
1992	Culwin_F	1	Culwin_F
1994	Towsey_M	1	Towsey_M
2111	Dorr_B	1	Dorr_B
2005	Djuzelic_M	1	Djuzelic_M
1995	Earle_E	1	Earle_E
1997	Halliday_M	1	Halliday_M
1998	Lake_D	1	Lake_D
1999	Leonard_R	1	Leonard_R
2790	Neumann_K	1	Neumann_K
2001	Das_S	1	Das_S
2789	Ross_C	1	Ross_C
2788	Kim_H	1	Kim_H
1996	Noe_A	1	Noe_A
133	Talor_K	1	Talor_K
